0.025,-0.036,0.006,0.000,-0.000,0.001,NaN
0.025,-0.036,0.006,0.000,-0.000,0.001,NaN
0.025,-0.035,0.013,0.000,-0.000,0.001,NaN
0.022,-0.037,0.006,0.000,-0.000,0.001,NaN
0.024,-0.035,0.003,0.000,-0.000,0.001,0.608
0.023,-0.038,0.009,0.000,-0.000,0.001,0.691
0.027,-0.037,0.012,0.001,-0.000,0.001,0.714
0.023,-0.033,0.015,0.000,-0.000,0.001,0.944
0.026,-0.035,0.012,0.000,-0.000,0.001,0.657
0.024,-0.035,0.022,0.000,-0.000,0.001,NaN
0.024,-0.036,0.018,0.000,-0.000,0.001,0.777
0.024,-0.038,0.022,0.000,-0.000,0.001,0.183
0.025,-0.036,0.026,0.000,-0.000,0.001,0.793
0.024,-0.036,0.025,0.001,-0.000,0.001,0.845
0.023,-0.037,0.031,0.000,-0.001,0.001,NaN
0.025,-0.036,0.031,0.000,-0.000,0.001,0.468
0.026,-0.035,0.027,0.000,-0.000,0.001,1.041
0.022,-0.033,0.018,0.000,-0.000,0.001,0.962
0.026,-0.035,0.022,0.000,-0.000,0.001,0.956
0.024,-0.036,0.031,0.000,-0.000,0.001,NaN
0.026,-0.038,0.027,0.000,-0.000,0.001,0.572
0.024,-0.035,0.033,0.000,-0.000,0.001,0.833
0.026,-0.037,0.023,0.000,-0.000,0.001,1.261
0.025,-0.038,0.027,0.000,-0.000,0.001,NaN
0.026,-0.038,0.030,0.000,-0.000,0.001,0.470
0.021,-0.035,0.028,0.000,-0.000,0.001,0.891
0.025,-0.038,0.034,0.000,-0.000,0.001,0.508
0.022,-0.037,0.044,0.000,-0.001,0.001,0.611
0.025,-0.037,0.032,0.000,-0.000,0.001,NaN
0.022,-0.036,0.039,0.000,-0.000,0.001,0.694
0.024,-0.035,0.028,0.001,-0.000,0.001,0.745
0.022,-0.034,0.026,0.000,-0.000,0.001,0.491
0.026,-0.036,0.025,0.000,-0.000,0.001,0.813
0.021,-0.037,0.026,0.000,-0.000,0.001,0.338
0.026,-0.036,0.027,0.000,-0.000,0.001,0.362
0.024,-0.037,0.025,0.001,-0.000,0.001,0.842
0.024,-0.035,0.027,0.000,-0.000,0.001,0.565
0.025,-0.036,0.034,0.000,-0.000,0.001,0.555
0.022,-0.035,0.026,0.000,-0.000,0.001,0.716
0.024,-0.037,0.032,0.000,-0.001,0.001,0.121
0.025,-0.036,0.030,0.000,-0.000,0.001,0.941
0.021,-0.037,0.030,0.000,-0.001,0.001,0.636
0.024,-0.035,0.032,0.000,-0.000,0.001,1.013
0.024,-0.039,0.032,0.000,-0.000,0.001,0.469
0.023,-0.036,0.034,0.000,-0.000,0.001,0.366
0.024,-0.036,0.026,0.000,-0.000,0.001,0.570
0.024,-0.037,0.036,0.000,-0.000,0.001,0.751
0.025,-0.035,0.033,0.000,-0.000,0.001,0.536
0.024,-0.035,0.031,0.000,-0.000,0.001,0.411
0.025,-0.034,0.040,0.000,-0.000,0.001,0.994
0.023,-0.037,0.040,0.000,-0.000,0.001,NaN
0.025,-0.036,0.039,0.000,-0.000,0.001,NaN
0.021,-0.037,0.036,0.000,-0.001,0.001,0.844
0.022,-0.036,0.030,0.000,-0.000,0.001,0.811
0.023,-0.033,0.035,0.000,-0.000,0.001,0.525
0.023,-0.036,0.033,0.000,-0.001,0.001,0.777
0.022,-0.036,0.045,0.000,-0.000,0.001,0.638
0.023,-0.036,0.038,0.000,-0.001,0.001,0.536
0.022,-0.035,0.039,0.001,-0.000,0.001,0.690
0.025,-0.038,0.033,0.000,-0.000,0.001,0.172
0.024,-0.036,0.039,0.000,-0.000,0.001,0.744
0.024,-0.037,0.036,0.000,-0.000,0.001,0.642
0.024,-0.037,0.034,0.001,-0.000,0.001,0.606
0.024,-0.039,0.034,0.000,-0.000,0.001,0.758
0.023,-0.036,0.031,0.000,-0.000,0.001,0.346
0.024,-0.037,0.036,0.000,-0.000,0.001,0.665
0.024,-0.037,0.033,0.000,-0.000,0.001,0.789
0.023,-0.035,0.030,0.000,-0.000,0.001,0.533
0.023,-0.036,0.024,0.000,-0.000,0.001,0.780
0.023,-0.035,0.030,0.000,-0.000,0.001,0.880
0.022,-0.035,0.030,0.000,-0.000,0.001,0.577
0.023,-0.037,0.026,0.000,-0.000,0.001,0.597
0.023,-0.038,0.038,0.000,-0.001,0.001,NaN
0.025,-0.036,0.035,0.000,-0.000,0.001,0.829
0.022,-0.036,0.034,0.000,-0.000,0.001,0.659
0.024,-0.036,0.035,0.001,-0.000,0.001,0.788
0.023,-0.036,0.030,0.000,-0.000,0.001,0.733
0.024,-0.036,0.027,0.000,-0.000,0.001,0.601
0.021,-0.036,0.043,0.000,-0.001,0.001,0.436
0.024,-0.037,0.028,0.000,-0.000,0.001,0.586
0.021,-0.036,0.036,0.000,-0.001,0.001,0.745
0.022,-0.036,0.032,0.000,-0.000,0.001,NaN
0.024,-0.037,0.033,0.000,-0.000,0.001,0.646
0.022,-0.036,0.037,0.000,-0.000,0.001,0.846
0.022,-0.036,0.034,0.000,-0.000,0.001,0.539
0.024,-0.037,0.039,0.000,-0.000,0.001,0.701
0.023,-0.035,0.035,0.000,-0.000,0.001,0.602
0.022,-0.035,0.037,0.000,-0.000,0.001,0.507
0.026,-0.039,0.039,0.001,-0.000,0.001,0.487
0.023,-0.035,0.041,0.000,-0.000,0.001,0.656
0.026,-0.039,0.038,0.000,-0.000,0.001,0.772
0.022,-0.038,0.038,0.001,-0.000,0.001,NaN
0.022,-0.036,0.036,0.000,-0.001,0.001,0.746
0.022,-0.038,0.042,0.001,-0.000,0.001,NaN
0.022,-0.039,0.040,0.000,-0.001,0.001,0.647
0.021,-0.034,0.044,0.000,-0.001,0.001,0.857
0.024,-0.036,0.032,0.000,-0.000,0.001,0.858
0.022,-0.036,0.035,0.000,-0.000,0.001,0.751
0.023,-0.035,0.035,0.000,-0.000,0.001,0.674
0.024,-0.034,0.037,0.000,-0.000,0.001,1.010
0.023,-0.036,0.043,0.000,-0.000,0.001,0.710
0.025,-0.037,0.049,0.000,-0.000,0.001,0.400
0.024,-0.036,0.040,0.000,-0.000,0.001,1.016
0.023,-0.037,0.052,0.000,-0.000,0.001,0.603
0.025,-0.038,0.049,0.001,-0.000,0.001,0.350
0.023,-0.033,0.051,0.000,-0.000,0.001,1.110
0.020,-0.036,0.051,0.000,-0.001,0.001,0.586
0.023,-0.037,0.044,0.000,-0.000,0.001,0.959
0.021,-0.034,0.050,0.000,-0.000,0.001,0.737
0.020,-0.036,0.053,0.000,-0.001,0.001,0.686
0.024,-0.036,0.048,0.000,-0.000,0.001,0.668
0.022,-0.037,0.049,0.000,-0.000,0.001,0.466
0.022,-0.036,0.052,0.000,-0.000,0.001,1.010
0.022,-0.036,0.041,0.000,-0.000,0.001,0.851
0.022,-0.037,0.045,0.001,-0.000,0.001,0.931
0.022,-0.038,0.047,0.001,-0.000,0.001,1.014
0.024,-0.036,0.040,0.000,-0.000,0.001,0.753
0.023,-0.037,0.047,0.000,-0.000,0.001,0.799
0.008,-0.042,0.237,0.000,-0.000,0.001,0.893
0.010,-0.043,0.243,0.000,-0.000,0.001,0.485
0.010,-0.043,0.248,0.001,-0.000,0.001,0.606
0.008,-0.042,0.238,0.000,-0.000,0.001,0.389
0.009,-0.044,0.228,0.000,-0.000,0.001,0.673
0.007,-0.042,0.236,0.000,-0.000,0.001,0.567
0.010,-0.044,0.248,0.000,-0.000,0.001,NaN
0.011,-0.044,0.230,0.000,-0.000,0.001,NaN
0.007,-0.042,0.238,0.000,-0.000,0.001,0.603
0.007,-0.042,0.235,0.000,-0.000,0.001,0.544
0.008,-0.042,0.245,0.000,0.000,0.001,0.648
0.009,-0.044,0.239,0.000,-0.000,0.001,0.951
0.008,-0.042,0.242,0.000,-0.000,0.001,0.727
0.009,-0.041,0.239,0.000,-0.000,0.001,0.987
0.009,-0.044,0.241,0.000,-0.000,0.001,0.802
0.009,-0.044,0.240,0.000,-0.000,0.002,0.791
0.008,-0.042,0.244,0.000,-0.000,0.001,0.891
0.007,-0.042,0.240,0.000,-0.000,0.001,0.948
0.007,-0.042,0.241,0.000,-0.000,0.001,1.075
0.007,-0.042,0.245,0.000,-0.000,0.001,1.100
0.008,-0.042,0.255,0.000,-0.000,0.001,0.777
0.010,-0.045,0.242,0.000,-0.000,0.001,0.953
0.008,-0.044,0.240,0.000,-0.000,0.001,0.904
0.009,-0.046,0.238,0.000,-0.000,0.002,0.441
0.010,-0.041,0.244,0.000,-0.000,0.001,1.079
0.011,-0.044,0.246,0.000,-0.000,0.001,0.613
0.007,-0.043,0.241,0.000,-0.000,0.001,0.981
0.008,-0.042,0.242,0.000,-0.000,0.001,0.917
0.008,-0.042,0.242,0.000,-0.000,0.001,0.374
0.006,-0.041,0.240,0.000,-0.000,0.001,0.847
0.007,-0.042,0.243,0.000,-0.000,0.001,0.964
0.007,-0.042,0.240,0.000,-0.000,0.001,1.105
0.008,-0.043,0.242,0.000,-0.000,0.001,0.578
0.009,-0.043,0.246,0.000,-0.000,0.001,0.746
0.008,-0.041,0.239,0.001,-0.000,0.002,0.845
0.009,-0.042,0.234,0.000,-0.000,0.002,0.846
0.008,-0.043,0.240,0.000,-0.000,0.001,0.826
0.007,-0.045,0.236,0.000,-0.000,0.001,0.611
0.008,-0.042,0.247,0.000,-0.000,0.001,0.703
0.010,-0.045,0.250,0.000,-0.000,0.001,0.525
0.007,-0.043,0.248,0.000,-0.000,0.001,0.501
0.009,-0.041,0.239,0.000,-0.000,0.002,1.099
0.006,-0.044,0.242,0.000,-0.000,0.002,0.336
0.009,-0.045,0.239,0.000,-0.000,0.001,0.452
0.007,-0.043,0.241,0.000,-0.000,0.001,0.484
0.009,-0.044,0.239,0.000,-0.000,0.002,0.631
0.008,-0.045,0.239,0.001,-0.000,0.001,NaN
0.011,-0.043,0.245,0.000,-0.000,0.002,0.901
0.007,-0.041,0.242,0.001,-0.000,0.001,0.634
0.009,-0.044,0.232,0.000,-0.000,0.001,0.898
0.008,-0.042,0.250,0.000,-0.000,0.001,0.692
0.008,-0.041,0.239,0.000,-0.000,0.002,1.075
0.007,-0.042,0.244,0.000,-0.000,0.001,0.984
0.007,-0.043,0.248,0.000,-0.000,0.001,1.093
0.008,-0.042,0.247,0.000,-0.000,0.001,0.593
0.006,-0.040,0.238,0.000,-0.000,0.001,0.695
0.007,-0.045,0.247,0.001,-0.000,0.001,0.629
0.006,-0.043,0.245,0.000,-0.000,0.001,0.695
0.009,-0.043,0.246,0.000,-0.000,0.001,0.767
0.008,-0.044,0.253,0.000,-0.000,0.001,0.840
0.006,-0.041,0.245,0.000,-0.000,0.001,0.789
0.009,-0.044,0.237,0.000,-0.000,0.002,0.649
0.008,-0.043,0.249,0.001,-0.000,0.001,0.471
0.009,-0.044,0.241,0.000,-0.000,0.001,0.213
0.008,-0.042,0.249,0.000,-0.000,0.002,0.935
0.010,-0.046,0.252,0.001,-0.000,0.001,0.102
0.007,-0.042,0.247,0.000,0.000,0.001,0.702
0.007,-0.043,0.253,0.000,-0.000,0.001,0.697
0.004,-0.039,0.246,0.000,-0.000,0.002,0.626
0.007,-0.043,0.247,0.000,-0.000,0.001,0.876
0.004,-0.042,0.257,0.001,-0.000,0.001,0.712
0.009,-0.044,0.251,0.000,-0.000,0.001,0.499
0.006,-0.043,0.252,0.000,-0.000,0.001,0.573
0.008,-0.045,0.253,0.001,-0.000,0.001,0.668
0.007,-0.042,0.240,0.000,-0.000,0.002,0.704
0.010,-0.044,0.246,0.000,-0.000,0.002,0.664
0.006,-0.042,0.247,0.001,-0.000,0.001,0.536
0.009,-0.042,0.249,0.000,-0.000,0.001,0.529
0.006,-0.043,0.249,0.000,-0.000,0.002,0.725
0.008,-0.045,0.252,0.000,-0.000,0.001,0.734
0.007,-0.044,0.241,0.000,-0.000,0.002,0.587
0.009,-0.045,0.252,0.000,-0.000,0.001,0.894
0.005,-0.041,0.252,0.000,-0.000,0.001,0.813
0.007,-0.042,0.244,0.000,-0.000,0.001,1.058
0.005,-0.045,0.256,0.001,-0.000,0.002,0.634
0.007,-0.044,0.253,0.000,-0.000,0.001,0.293
0.006,-0.041,0.251,0.000,-0.000,0.001,0.856
0.005,-0.043,0.253,0.000,-0.000,0.001,0.453
0.009,-0.042,0.253,0.000,0.000,0.002,0.725
0.006,-0.041,0.253,0.000,-0.000,0.001,0.978
0.008,-0.043,0.253,0.001,-0.000,0.001,0.816
0.007,-0.043,0.249,0.000,-0.000,0.002,0.629
0.006,-0.043,0.253,0.000,-0.000,0.001,0.077
0.008,-0.043,0.250,0.000,-0.000,0.001,0.879
0.007,-0.043,0.255,0.000,-0.000,0.001,1.218
0.004,-0.042,0.256,0.000,-0.000,0.001,1.033
0.005,-0.044,0.257,0.000,-0.000,0.001,0.143
0.007,-0.044,0.258,0.000,-0.000,0.001,0.631
0.006,-0.042,0.260,0.000,-0.000,0.001,0.740
0.008,-0.044,0.251,0.000,-0.000,0.002,0.570
0.006,-0.044,0.258,0.000,-0.000,0.001,0.696
0.007,-0.046,0.259,0.001,-0.000,0.001,0.380
0.007,-0.042,0.249,0.000,-0.000,0.002,0.896
0.009,-0.045,0.255,0.000,-0.000,0.002,NaN
0.007,-0.043,0.252,0.001,-0.000,0.001,0.822
0.010,-0.043,0.248,0.000,-0.000,0.001,1.012
0.003,-0.040,0.245,0.000,-0.000,0.002,0.902
0.006,-0.044,0.246,0.000,-0.000,0.002,0.763
0.008,-0.045,0.243,0.000,-0.000,0.002,NaN
0.006,-0.043,0.258,0.000,-0.000,0.001,0.644
0.007,-0.042,0.249,0.000,-0.000,0.002,0.814
0.006,-0.044,0.249,0.000,-0.000,0.002,NaN
0.006,-0.043,0.259,0.000,-0.000,0.001,0.614
0.008,-0.045,0.258,0.000,-0.000,0.001,NaN
0.005,-0.041,0.254,0.000,-0.000,0.002,0.898
0.005,-0.044,0.254,0.000,-0.000,0.001,NaN
0.006,-0.043,0.255,0.000,-0.000,0.001,0.805
0.005,-0.042,0.264,0.000,-0.000,0.001,0.740
0.007,-0.044,0.257,0.000,-0.000,0.002,0.593
0.008,-0.043,0.260,0.000,-0.000,0.001,0.793
0.006,-0.043,0.264,0.001,-0.000,0.001,0.815
0.006,-0.043,0.262,0.000,-0.000,0.001,0.275
0.007,-0.045,0.269,0.000,-0.000,0.001,0.881
0.007,-0.044,0.271,0.000,-0.000,0.001,0.490
0.007,-0.042,0.273,0.000,-0.000,0.001,0.698
0.007,-0.042,0.267,0.000,-0.000,0.001,0.696
0.004,-0.043,0.270,0.000,-0.000,0.001,0.330
0.007,-0.044,0.268,0.000,-0.000,0.001,0.672
0.005,-0.044,0.269,0.000,-0.000,0.001,0.782
0.009,-0.043,0.269,0.000,-0.000,0.001,0.660
0.005,-0.041,0.268,0.000,-0.000,0.001,0.149
-2.872,-0.029,0.534,0.006,-0.092,-0.004,1.699
-2.867,-0.055,0.595,0.004,-0.090,-0.006,1.454
-2.865,-0.029,0.509,0.003,-0.095,-0.006,1.717
-2.886,-0.027,0.606,0.003,-0.091,-0.001,1.757
-2.897,-0.041,0.521,0.005,-0.091,-0.006,1.610
-2.873,-0.032,0.562,0.003,-0.094,-0.007,1.537
-2.829,-0.010,0.508,0.005,-0.088,-0.003,1.565
-2.883,-0.057,0.617,0.003,-0.090,-0.005,1.805
-2.880,-0.020,0.503,0.004,-0.093,-0.008,1.683
-2.872,-0.046,0.540,0.005,-0.092,-0.005,1.441
-2.892,-0.015,0.570,0.007,-0.089,-0.001,1.521
-2.866,-0.069,0.550,0.004,-0.091,-0.005,1.592
-2.856,-0.004,0.525,0.003,-0.092,-0.011,1.712
-2.875,-0.050,0.574,0.005,-0.090,-0.002,1.536
-2.888,-0.024,0.577,0.005,-0.088,-0.006,1.638
-2.835,-0.055,0.485,0.005,-0.089,-0.007,1.489
-2.848,0.009,0.555,0.005,-0.089,-0.007,1.617
-2.878,-0.065,0.584,0.004,-0.091,-0.004,1.732
-2.866,-0.029,0.565,0.005,-0.091,-0.006,1.763
-2.853,-0.046,0.502,0.005,-0.094,-0.008,1.653
-2.883,-0.007,0.620,0.005,-0.090,-0.005,1.528
-2.887,-0.071,0.556,0.006,-0.091,-0.001,1.758
-2.835,-0.017,0.561,0.003,-0.091,-0.007,1.397
-2.906,-0.042,0.567,0.004,-0.093,-0.012,1.694
-2.887,-0.027,0.635,0.005,-0.091,-0.001,1.352
-2.833,-0.055,0.451,0.005,-0.090,-0.002,1.612
-2.864,-0.001,0.575,0.005,-0.089,-0.008,1.708
-2.884,-0.046,0.545,0.004,-0.090,-0.009,1.501
-2.874,-0.044,0.594,0.002,-0.093,-0.003,1.441
-2.844,-0.034,0.473,0.006,-0.093,-0.003,1.588
-2.906,-0.030,0.605,0.005,-0.090,-0.008,1.721
-2.866,-0.024,0.525,0.003,-0.093,-0.007,1.662
-2.869,-0.049,0.538,0.006,-0.089,-0.001,1.524
-2.851,-0.016,0.568,0.003,-0.093,-0.005,1.737
-2.898,-0.053,0.616,0.002,-0.091,-0.008,1.409
-2.863,-0.027,0.505,0.005,-0.089,-0.005,1.868
-2.849,-0.028,0.568,0.004,-0.091,0.000,1.511
-2.872,-0.034,0.566,0.005,-0.089,-0.005,1.535
-2.853,-0.058,0.571,0.002,-0.090,-0.009,1.489
-2.893,-0.002,0.539,0.004,-0.093,-0.003,1.623
-2.852,-0.066,0.550,0.005,-0.090,-0.001,1.444
-2.869,-0.010,0.547,0.004,-0.091,-0.007,1.563
-2.883,-0.050,0.582,0.003,-0.094,-0.007,1.561
-2.883,-0.024,0.577,0.005,-0.091,-0.003,1.590
-2.857,-0.059,0.517,0.004,-0.094,-0.005,1.352
-2.874,0.013,0.585,0.003,-0.090,-0.006,1.680
-2.887,-0.066,0.575,0.006,-0.095,-0.005,1.686
-2.881,-0.035,0.571,0.005,-0.093,-0.003,1.539
-2.846,-0.023,0.510,0.002,-0.092,-0.007,1.473
-2.875,-0.022,0.659,0.005,-0.088,-0.008,1.564
-2.851,-0.063,0.509,0.007,-0.091,-0.004,1.560
-2.851,-0.009,0.578,0.004,-0.090,-0.006,1.822
-2.855,-0.022,0.546,0.005,-0.089,-0.007,1.598
-2.894,-0.067,0.641,0.004,-0.096,-0.005,1.564
-2.831,-0.023,0.481,0.004,-0.090,-0.006,1.420
-2.907,-0.024,0.598,0.005,-0.091,-0.005,1.737
-2.877,-0.029,0.565,0.005,-0.092,-0.006,1.638
-2.859,-0.061,0.544,0.004,-0.090,-0.005,1.578
-2.858,0.005,0.534,0.005,-0.090,-0.003,1.440
-2.877,-0.053,0.613,0.002,-0.091,-0.006,1.591
-2.855,-0.037,0.559,0.004,-0.092,-0.008,1.565
-2.876,-0.041,0.529,0.006,-0.092,-0.003,1.701
-2.877,0.016,0.588,0.002,-0.091,-0.005,1.648
-2.856,-0.087,0.554,0.005,-0.088,-0.006,1.523
-2.862,-0.005,0.552,0.003,-0.096,-0.007,1.661
-2.889,-0.044,0.540,0.004,-0.091,-0.004,1.570
-2.901,-0.018,0.612,0.006,-0.089,-0.004,1.475
-2.866,-0.058,0.509,0.004,-0.095,-0.006,1.440
-2.848,-0.012,0.569,0.006,-0.089,-0.006,1.540
-2.844,-0.057,0.575,0.003,-0.090,-0.004,1.727
-2.886,-0.010,0.602,0.002,-0.089,-0.006,1.699
-2.832,-0.051,0.459,0.006,-0.091,-0.006,1.532
-2.878,-0.025,0.620,0.004,-0.089,-0.005,1.706
-2.864,-0.057,0.531,0.004,-0.088,-0.006,1.628
-2.885,-0.004,0.583,0.002,-0.097,-0.005,1.376
-2.869,-0.035,0.507,0.004,-0.093,-0.003,1.509
-2.915,-0.040,0.615,0.004,-0.091,-0.005,1.541
-2.861,-0.024,0.479,0.003,-0.095,-0.004,1.651
-2.884,-0.014,0.564,0.004,-0.090,-0.006,1.592
-2.850,-0.072,0.539,0.005,-0.090,-0.003,1.555
-2.870,-0.007,0.604,0.002,-0.091,-0.007,1.281
-2.844,-0.024,0.492,0.005,-0.090,-0.003,1.388
-2.897,-0.043,0.565,0.004,-0.092,-0.003,1.622
-2.856,-0.037,0.484,0.005,-0.094,-0.003,1.342
-2.895,-0.023,0.604,0.004,-0.090,-0.007,1.572
-2.866,-0.048,0.491,0.006,-0.091,-0.005,1.547
-2.874,-0.012,0.543,0.003,-0.092,-0.002,1.560
-2.827,-0.035,0.478,0.006,-0.087,-0.006,1.582
-2.901,-0.048,0.622,0.003,-0.094,-0.007,1.653
-2.869,-0.029,0.443,0.004,-0.094,-0.005,1.583
-2.861,-0.013,0.555,0.004,-0.090,-0.002,1.511
-2.879,-0.045,0.533,0.006,-0.094,-0.007,1.542
-2.873,-0.048,0.562,0.003,-0.089,-0.010,1.355
-2.836,-0.026,0.455,0.004,-0.091,-0.001,1.512
-2.903,-0.028,0.589,0.005,-0.093,-0.004,1.561
-2.853,-0.044,0.507,0.005,-0.087,-0.011,1.522
-2.867,-0.037,0.529,0.005,-0.091,-0.005,1.511
-2.844,-0.015,0.511,0.004,-0.093,-0.003,1.445
-2.914,-0.054,0.611,0.004,-0.091,-0.007,1.656
-2.871,-0.032,0.453,0.005,-0.094,-0.009,1.571
-2.868,-0.015,0.527,0.003,-0.092,-0.002,1.527
-2.840,-0.029,0.529,0.005,-0.087,-0.004,1.576
-2.892,-0.064,0.579,0.003,-0.094,-0.009,1.563
-2.845,0.007,0.451,0.003,-0.092,-0.007,1.468
-2.866,-0.046,0.570,0.005,-0.090,-0.002,1.520
-2.867,-0.035,0.562,0.005,-0.090,-0.005,1.617
-2.876,-0.048,0.512,0.003,-0.092,-0.010,1.635
-2.847,0.004,0.501,0.003,-0.093,-0.006,1.599
-2.872,-0.068,0.585,0.003,-0.089,0.000,1.572
-2.901,-0.017,0.496,0.004,-0.090,-0.005,1.624
-2.837,-0.040,0.494,0.005,-0.094,-0.011,1.457
-2.887,0.001,0.545,0.003,-0.091,-0.004,1.640
-2.884,-0.083,0.552,0.003,-0.093,0.000,1.651
-2.861,0.004,0.492,0.003,-0.091,-0.009,1.550
-2.883,-0.049,0.539,0.004,-0.089,-0.007,1.442
-2.857,-0.020,0.533,0.005,-0.088,-0.000,1.646
-2.872,-0.055,0.506,0.004,-0.091,-0.004,1.531
-2.887,-0.019,0.553,0.004,-0.092,-0.008,1.495
-2.872,-0.060,0.515,0.005,-0.092,-0.006,1.640
-2.872,0.020,0.499,0.002,-0.090,-0.000,1.640
-2.878,-0.070,0.567,0.006,-0.092,-0.004,1.659
-2.862,-0.031,0.506,0.004,-0.090,-0.008,1.427
-2.875,-0.036,0.495,0.003,-0.092,-0.005,1.574
-2.896,-0.004,0.557,0.005,-0.093,-0.002,1.257
-2.884,-0.071,0.539,0.004,-0.087,-0.004,1.417
-2.840,-0.011,0.500,0.005,-0.093,-0.008,1.571
-2.873,-0.048,0.523,0.004,-0.089,-0.008,1.259
-2.888,-0.017,0.570,0.004,-0.093,-0.002,1.629
-2.868,-0.061,0.468,0.005,-0.091,-0.003,1.552
-2.844,0.004,0.537,0.004,-0.092,-0.007,1.646
-2.891,-0.063,0.558,0.003,-0.089,-0.007,1.508
-2.866,-0.028,0.531,0.005,-0.091,-0.005,1.709
-2.859,-0.050,0.483,0.005,-0.095,-0.003,1.582
-2.879,-0.004,0.575,0.006,-0.090,-0.005,1.521
-2.885,-0.073,0.535,0.005,-0.091,-0.008,1.724
-2.841,0.006,0.538,0.002,-0.090,-0.006,1.617
-2.867,-0.058,0.497,0.005,-0.096,-0.001,1.643
-2.899,-0.032,0.574,0.004,-0.089,-0.004,1.684
-2.840,-0.044,0.493,0.002,-0.087,-0.008,1.539
-2.863,0.000,0.550,0.004,-0.090,-0.008,1.419
-2.854,-0.080,0.554,0.006,-0.093,-0.001,1.433
-2.883,-0.008,0.551,0.004,-0.089,-0.000,1.344
-2.850,-0.032,0.485,0.003,-0.088,-0.009,1.714
-2.886,-0.012,0.565,0.003,-0.092,-0.006,1.569
-2.887,-0.076,0.477,0.006,-0.096,0.001,1.753
-2.866,0.023,0.521,0.004,-0.090,-0.004,1.558
-2.866,-0.049,0.503,0.004,-0.092,-0.009,1.676
-2.864,-0.035,0.532,0.005,-0.091,-0.007,1.461
-2.857,-0.059,0.470,0.005,-0.093,-0.002,1.560
-2.884,0.015,0.574,0.004,-0.089,-0.004,1.665
-2.866,-0.074,0.498,0.005,-0.091,-0.008,1.538
-2.860,-0.014,0.509,0.004,-0.090,-0.005,1.639
-2.859,-0.050,0.459,0.005,-0.092,-0.003,1.551
-2.875,-0.008,0.594,0.003,-0.089,-0.005,1.523
-2.853,-0.052,0.451,0.005,-0.092,-0.007,1.556
-2.882,-0.008,0.516,0.006,-0.092,-0.006,1.643
-2.864,-0.033,0.520,0.004,-0.090,-0.001,1.814
-2.893,-0.042,0.579,0.003,-0.089,-0.007,1.593
-2.836,-0.040,0.425,0.006,-0.093,-0.010,1.708
-2.865,-0.010,0.561,0.006,-0.089,-0.005,1.428
-2.875,-0.052,0.519,0.004,-0.089,-0.004,1.422
-2.867,-0.023,0.538,0.002,-0.092,-0.005,1.667
-2.842,-0.036,0.426,0.005,-0.093,-0.008,1.656
-2.886,-0.027,0.588,0.005,-0.086,-0.006,1.713
-2.872,-0.040,0.474,0.003,-0.093,-0.003,1.580
-2.861,-0.031,0.515,0.004,-0.092,-0.006,1.659
-2.870,-0.035,0.478,0.003,-0.090,-0.009,1.675
-2.858,-0.034,0.610,0.002,-0.093,-0.004,1.463
-2.870,-0.041,0.467,0.004,-0.092,-0.002,1.557
-2.882,-0.011,0.551,0.005,-0.089,-0.005,1.646
-2.855,-0.050,0.513,0.003,-0.093,-0.008,1.675
-2.882,0.004,0.567,0.004,-0.091,-0.003,1.768
-2.881,-0.047,0.488,0.006,-0.092,-0.001,1.603
-2.852,-0.036,0.571,0.003,-0.092,-0.005,1.579
-2.872,-0.038,0.454,0.003,-0.091,-0.010,1.439
-2.865,0.015,0.570,0.005,-0.091,-0.002,1.514
-2.863,-0.063,0.528,0.004,-0.089,-0.003,1.625
-2.865,-0.029,0.530,0.006,-0.093,-0.008,1.525
-2.842,-0.050,0.453,0.004,-0.090,-0.008,1.505
-2.890,0.010,0.566,0.004,-0.091,-0.006,1.474
-2.878,-0.081,0.484,0.006,-0.091,-0.002,1.392
-2.835,-0.006,0.495,0.004,-0.094,-0.008,1.432
-2.894,-0.042,0.514,0.003,-0.093,-0.007,1.293
-2.882,-0.020,0.568,0.005,-0.091,-0.005,1.584
-2.846,-0.052,0.448,0.005,-0.093,-0.005,1.586
-2.851,0.018,0.515,0.005,-0.089,-0.004,1.422
-2.879,-0.060,0.548,0.004,-0.089,-0.005,1.561
-2.856,-0.018,0.541,0.005,-0.091,-0.006,1.592
-2.832,-0.050,0.435,0.005,-0.089,-0.007,1.565
-2.875,0.009,0.559,0.005,-0.090,-0.004,1.648
-2.857,-0.084,0.502,0.005,-0.089,-0.007,1.484
-2.862,0.007,0.478,0.002,-0.091,-0.005,1.692
-2.895,-0.034,0.485,0.005,-0.096,-0.007,1.658
-2.904,-0.031,0.522,0.004,-0.091,-0.007,1.509
-2.865,-0.060,0.454,0.005,-0.091,-0.003,1.349
-2.863,0.010,0.517,0.004,-0.094,-0.006,1.315
-2.864,-0.061,0.518,0.003,-0.092,-0.008,1.382
-2.872,-0.029,0.518,0.006,-0.086,-0.003,1.441
-2.848,-0.046,0.452,0.003,-0.089,-0.005,1.701
-2.859,-0.001,0.531,0.004,-0.091,-0.004,1.516
-2.875,-0.060,0.519,0.003,-0.090,-0.007,1.424
-2.853,0.004,0.472,0.004,-0.091,-0.004,1.610
-2.865,-0.062,0.515,0.005,-0.090,-0.001,1.514
-2.877,-0.023,0.483,0.002,-0.092,-0.004,1.346
-2.859,-0.037,0.508,0.004,-0.091,-0.007,1.343
-2.899,-0.026,0.532,0.007,-0.094,-0.005,1.811
-2.884,-0.037,0.527,0.002,-0.089,-0.003,1.582
-2.852,-0.026,0.456,0.005,-0.096,-0.004,1.531
-2.884,-0.042,0.549,0.006,-0.088,-0.007,1.475
-2.873,-0.025,0.498,0.004,-0.091,-0.006,1.683
-2.863,-0.023,0.493,0.004,-0.092,-0.005,1.381
-2.848,-0.038,0.489,0.006,-0.088,-0.006,1.394
-2.895,-0.050,0.612,0.003,-0.097,-0.006,1.595
-2.860,-0.031,0.412,0.006,-0.090,-0.006,1.668
-2.868,-0.013,0.528,0.005,-0.092,-0.006,1.512
-2.882,-0.050,0.516,0.005,-0.093,-0.005,1.249
-2.881,-0.027,0.534,0.004,-0.087,-0.003,1.827
-2.829,-0.023,0.451,0.004,-0.095,-0.005,1.560
-2.901,-0.012,0.559,0.004,-0.089,-0.005,1.798
-2.849,-0.057,0.463,0.005,-0.092,-0.002,1.727
-2.902,0.013,0.572,0.003,-0.092,-0.006,1.584
-2.856,-0.059,0.464,0.005,-0.088,-0.002,1.440
-2.888,-0.017,0.490,0.007,-0.093,-0.004,1.452
-2.868,-0.038,0.494,0.003,-0.094,-0.004,1.600
-2.881,-0.024,0.538,0.006,-0.091,-0.005,1.433
-2.863,-0.050,0.470,0.005,-0.093,-0.006,1.483
-2.871,0.016,0.501,0.005,-0.091,-0.005,1.474
-2.894,-0.062,0.552,0.004,-0.090,-0.004,1.497
-2.858,-0.023,0.472,0.005,-0.093,-0.005,1.463
-2.855,-0.026,0.493,0.004,-0.092,-0.007,1.572
-2.882,-0.024,0.529,0.006,-0.090,-0.004,1.428
-2.864,-0.050,0.546,0.004,-0.092,-0.002,1.511
-2.848,0.003,0.406,0.003,-0.091,-0.007,1.684
-2.885,-0.050,0.549,0.006,-0.092,-0.007,1.550
-2.881,-0.042,0.456,0.005,-0.092,-0.003,1.551
-2.884,-0.004,0.509,0.003,-0.091,-0.004,1.484
-2.828,-0.048,0.450,0.006,-0.090,-0.007,1.663
-2.908,-0.026,0.540,0.005,-0.095,-0.003,1.533
-2.853,-0.041,0.409,0.005,-0.090,-0.004,1.441
-2.878,-0.015,0.544,0.005,-0.091,-0.006,1.550
-2.876,-0.062,0.430,0.006,-0.095,-0.005,1.565
-2.856,0.010,0.441,0.004,-0.089,-0.004,1.471
-2.886,-0.053,0.531,0.004,-0.093,-0.007,1.454
-2.873,-0.028,0.470,0.005,-0.092,-0.008,1.566
-2.859,-0.046,0.459,0.005,-0.094,-0.004,1.561
-2.882,0.001,0.472,0.006,-0.088,-0.005,1.612
-2.883,-0.056,0.560,0.003,-0.092,-0.006,1.335
-2.849,-0.032,0.411,0.006,-0.093,-0.004,1.603
-2.853,-0.011,0.491,0.004,-0.089,-0.009,1.438
-2.864,-0.041,0.491,0.006,-0.090,-0.008,1.748
-2.875,-0.040,0.523,0.003,-0.091,-0.003,1.669
-2.829,-0.027,0.399,0.005,-0.089,-0.005,1.475
-2.895,-0.028,0.575,0.006,-0.090,-0.008,1.526
-2.882,-0.056,0.461,0.004,-0.092,-0.009,1.450
-2.856,-0.006,0.481,0.002,-0.092,-0.002,1.636
-2.863,-0.050,0.434,0.007,-0.091,-0.004,1.545
-2.897,-0.016,0.568,0.004,-0.090,-0.006,1.547
-2.865,-0.038,0.439,0.003,-0.095,-0.008,1.629
-2.865,-0.004,0.469,0.005,-0.094,-0.006,1.807
-2.857,-0.079,0.490,0.006,-0.089,-0.004,1.504
-2.873,0.000,0.489,0.003,-0.089,-0.008,1.530
-2.849,-0.036,0.449,0.004,-0.090,-0.009,1.305
-2.864,-0.025,0.500,0.007,-0.091,-0.002,1.790
-2.887,-0.059,0.511,0.002,-0.092,-0.003,1.564
-2.844,0.013,0.423,0.004,-0.090,-0.007,1.786
-2.877,-0.039,0.515,0.006,-0.090,-0.006,1.691
-2.869,-0.053,0.429,0.004,-0.093,-0.005,1.652
-2.897,-0.015,0.497,0.004,-0.092,-0.003,1.392
-2.850,-0.020,0.457,0.004,-0.092,-0.008,1.618
-2.880,-0.051,0.500,0.005,-0.089,-0.006,1.549
-2.843,-0.043,0.414,0.005,-0.091,-0.004,1.586
-2.878,0.005,0.545,0.005,-0.088,-0.007,1.522
-2.874,-0.061,0.479,0.005,-0.092,-0.006,1.580
-2.856,-0.026,0.456,0.005,-0.094,-0.006,1.242
-2.863,-0.029,0.447,0.004,-0.089,-0.006,1.530
-2.903,-0.010,0.500,0.004,-0.093,-0.007,1.187
-2.850,-0.070,0.463,0.006,-0.094,-0.009,1.399
-2.847,0.006,0.435,0.003,-0.091,-0.003,1.484
-2.894,-0.031,0.539,0.003,-0.087,-0.005,1.336
-2.866,-0.057,0.444,0.007,-0.096,-0.009,1.611
-2.863,-0.014,0.472,0.004,-0.092,-0.006,1.647
-2.844,-0.020,0.473,0.004,-0.091,-0.005,1.785
-2.918,-0.043,0.545,0.005,-0.092,-0.007,1.226
-2.830,-0.045,0.373,0.005,-0.095,-0.008,1.551
-2.881,0.009,0.501,0.004,-0.090,-0.003,1.534
-2.868,-0.069,0.470,0.005,-0.090,-0.006,1.653
-2.864,-0.023,0.460,0.005,-0.091,-0.010,1.827
-2.844,-0.033,0.435,0.004,-0.094,-0.005,1.658
-2.889,-0.001,0.485,0.004,-0.091,-0.005,1.547
-2.871,-0.066,0.493,0.005,-0.090,-0.007,1.640
-2.854,-0.015,0.409,0.005,-0.092,-0.009,1.522
-2.875,-0.019,0.528,0.005,-0.092,-0.004,1.504
-2.875,-0.052,0.477,0.007,-0.092,-0.005,1.650
-2.877,-0.021,0.476,0.004,-0.090,-0.009,1.677
-2.833,-0.035,0.408,0.005,-0.092,-0.008,1.549
-2.883,-0.020,0.546,0.005,-0.088,-0.005,1.542
-2.856,-0.060,0.421,0.005,-0.089,-0.005,1.579
-2.829,0.012,0.449,0.003,-0.092,-0.008,1.467
-2.909,-0.055,0.482,0.004,-0.093,-0.005,1.568
-2.882,-0.023,0.470,0.005,-0.091,-0.008,1.503
-2.866,-0.038,0.442,0.005,-0.090,-0.004,1.574
-2.862,-0.015,0.446,0.005,-0.092,-0.006,1.602
-2.914,-0.050,0.509,0.004,-0.091,-0.007,1.653
-2.827,-0.026,0.407,0.003,-0.089,-0.004,1.541
-2.853,-0.014,0.534,0.005,-0.094,-0.005,1.448
-2.882,-0.068,0.390,0.007,-0.089,-0.004,1.720
-2.855,0.014,0.442,0.004,-0.091,-0.008,1.543
-2.872,-0.045,0.481,0.004,-0.090,-0.004,1.625
-2.865,-0.035,0.408,0.006,-0.089,-0.007,1.752
-2.893,-0.045,0.439,0.005,-0.093,-0.005,1.625
-2.855,-0.000,0.442,0.004,-0.093,-0.007,1.649
-2.904,-0.040,0.508,0.005,-0.087,-0.003,1.603
-2.840,-0.059,0.359,0.006,-0.092,-0.006,1.505
-2.856,0.017,0.463,0.004,-0.090,-0.008,1.482
-2.866,-0.066,0.480,0.004,-0.092,-0.007,1.819
-2.878,-0.020,0.442,0.006,-0.090,-0.005,1.733
-2.854,-0.031,0.385,0.005,-0.089,-0.003,1.554
-2.866,0.004,0.471,0.005,-0.092,-0.007,1.419
-2.872,-0.087,0.484,0.005,-0.089,-0.009,1.692
-2.866,-0.018,0.374,0.006,-0.093,-0.005,1.597
-2.855,-0.007,0.486,0.002,-0.090,-0.005,1.711
-2.881,-0.050,0.443,0.005,-0.089,-0.005,1.555
-2.855,-0.039,0.450,0.005,-0.091,-0.006,1.812
-2.839,-0.013,0.388,0.004,-0.092,-0.008,1.463
-2.898,-0.020,0.515,0.004,-0.092,-0.006,1.793
-2.875,-0.053,0.376,0.005,-0.089,-0.003,1.729
-2.878,0.002,0.472,0.005,-0.093,-0.005,1.682
-2.843,-0.055,0.449,0.003,-0.093,-0.007,1.451
-2.898,-0.016,0.452,0.004,-0.090,-0.004,1.713
-2.863,-0.039,0.413,0.003,-0.091,-0.005,1.618
-2.859,-0.012,0.455,0.005,-0.092,-0.004,1.438
-2.871,-0.059,0.451,0.006,-0.093,-0.003,1.586
-2.843,0.016,0.414,0.003,-0.091,-0.005,1.489
-2.882,-0.045,0.507,0.004,-0.092,-0.007,1.662
-2.853,-0.046,0.394,0.006,-0.092,-0.005,1.699
-2.860,-0.018,0.459,0.004,-0.091,-0.004,1.555
-2.879,-0.013,0.428,0.005,-0.091,-0.007,1.552
-2.890,-0.036,0.518,0.004,-0.093,-0.005,1.628
-2.825,-0.058,0.374,0.006,-0.092,-0.004,1.411
-2.888,0.020,0.478,0.004,-0.090,-0.004,1.613
-2.842,-0.060,0.434,0.003,-0.088,-0.010,1.428
-2.850,-0.018,0.454,0.004,-0.091,-0.006,1.401
-2.870,-0.049,0.429,0.004,-0.092,-0.002,1.825
-2.892,0.001,0.505,0.005,-0.094,-0.005,1.748
-2.888,-0.071,0.433,0.005,-0.093,-0.009,1.713
-2.853,-0.013,0.404,0.004,-0.092,-0.009,1.606
-2.889,-0.011,0.504,0.003,-0.092,-0.002,1.627
-2.863,-0.052,0.424,0.007,-0.091,-0.004,1.325
-2.856,-0.023,0.444,0.005,-0.090,-0.009,1.699
-2.859,-0.008,0.428,0.003,-0.093,-0.008,1.639
-2.896,-0.049,0.532,0.006,-0.091,-0.003,1.688
-2.843,-0.051,0.373,0.005,-0.093,-0.007,1.637
-2.862,-0.006,0.479,0.004,-0.090,-0.008,1.398
-2.856,-0.038,0.441,0.006,-0.089,-0.006,1.524
-2.863,-0.030,0.511,0.003,-0.092,-0.001,1.357
-2.844,-0.041,0.355,0.005,-0.090,-0.009,1.716
-2.880,0.010,0.514,0.005,-0.092,-0.009,1.343
-2.873,-0.071,0.437,0.006,-0.091,-0.004,1.632
-2.865,-0.004,0.417,0.003,-0.090,-0.005,1.670
-2.857,-0.035,0.451,0.004,-0.092,-0.006,1.635
-2.893,-0.019,0.493,0.006,-0.092,-0.010,1.543
-2.863,-0.065,0.401,0.005,-0.094,-0.004,1.589
-2.831,0.012,0.388,0.002,-0.088,-0.004,1.646
-2.885,-0.048,0.512,0.005,-0.089,-0.007,1.598
-2.880,-0.039,0.396,0.007,-0.093,-0.009,1.640
-2.847,-0.025,0.406,0.005,-0.092,-0.003,1.894
-2.845,0.002,0.421,0.002,-0.091,-0.005,1.504
-2.904,-0.053,0.497,0.002,-0.090,-0.010,1.634
-2.827,-0.047,0.317,0.007,-0.092,-0.004,1.673
-2.866,0.010,0.489,0.004,-0.093,-0.003,1.746
-2.890,-0.051,0.443,0.005,-0.092,-0.008,1.550
-2.855,-0.019,0.436,0.003,-0.090,-0.007,1.699
-2.836,-0.047,0.330,0.007,-0.092,-0.002,1.625
-2.896,0.010,0.506,0.004,-0.092,-0.005,1.731
-2.854,-0.063,0.405,0.004,-0.091,-0.009,1.799
-2.861,-0.007,0.387,0.005,-0.094,-0.002,1.660
-2.864,-0.039,0.407,0.004,-0.093,-0.003,1.700
-2.898,-0.010,0.464,0.004,-0.092,-0.009,1.892
-2.858,-0.063,0.412,0.005,-0.091,-0.004,1.495
-2.852,0.003,0.408,0.004,-0.091,-0.003,1.760
-2.852,-0.055,0.505,0.004,-0.090,-0.006,1.688
-2.874,-0.015,0.386,0.004,-0.090,-0.008,1.612
-2.847,-0.036,0.460,0.006,-0.090,-0.003,1.627
-2.870,-0.046,0.409,0.004,-0.094,-0.004,1.667
-2.886,0.001,0.455,0.001,-0.090,-0.006,1.717
-2.850,-0.050,0.367,0.006,-0.091,-0.005,1.651
-2.881,-0.029,0.446,0.005,-0.091,-0.005,1.724
-2.869,-0.050,0.377,0.004,-0.092,-0.007,1.687
-2.871,0.019,0.406,0.004,-0.091,-0.004,1.739
-2.892,-0.066,0.446,0.005,-0.090,-0.003,1.710
-2.841,-0.019,0.336,0.005,-0.090,-0.006,1.772
-2.869,-0.009,0.435,0.004,-0.091,-0.007,1.844
-2.874,-0.032,0.414,0.005,-0.093,-0.004,1.849
-2.878,-0.053,0.405,0.004,-0.090,-0.005,1.599
-2.833,-0.014,0.329,0.003,-0.092,-0.006,1.682
-2.892,-0.017,0.504,0.006,-0.091,-0.007,1.673
-2.856,-0.063,0.366,0.005,-0.088,-0.004,1.846
-2.858,0.002,0.374,0.004,-0.092,-0.004,1.680
-2.866,-0.053,0.411,0.004,-0.089,-0.010,1.654
-2.881,-0.006,0.428,0.005,-0.092,-0.006,1.673
-2.864,-0.059,0.357,0.005,-0.091,-0.004,1.760
-2.855,0.013,0.391,0.005,-0.089,-0.006,1.794
-2.893,-0.052,0.496,0.002,-0.093,-0.009,1.589
-2.859,-0.043,0.348,0.007,-0.091,-0.007,1.500
-2.852,-0.012,0.407,0.004,-0.090,-0.001,1.854
-2.846,-0.017,0.428,0.005,-0.089,-0.008,1.661
-2.887,-0.056,0.448,0.005,-0.090,-0.010,1.458
-2.831,-0.036,0.292,0.005,-0.091,-0.004,1.724
-2.882,0.013,0.472,0.003,-0.090,-0.004,1.727
-2.877,-0.076,0.396,0.006,-0.091,-0.007,1.532
-2.836,0.003,0.380,0.002,-0.091,-0.007,1.716
-2.897,-0.028,0.410,0.005,-0.093,-0.004,1.643
-2.872,-0.036,0.443,0.006,-0.090,-0.003,1.754
-2.868,-0.047,0.385,0.004,-0.090,-0.005,1.746
-2.853,0.010,0.387,0.003,-0.094,-0.008,1.730
-2.886,-0.058,0.462,0.006,-0.091,-0.003,1.713
-2.872,-0.036,0.357,0.005,-0.090,-0.005,1.692
-2.879,0.006,0.432,0.004,-0.092,-0.009,1.779
-2.850,-0.063,0.390,0.004,-0.094,-0.006,1.823
-2.903,-0.024,0.434,0.004,-0.089,-0.001,1.795
-2.862,-0.035,0.370,0.006,-0.092,-0.002,1.637
-2.863,-0.027,0.426,0.004,-0.090,-0.010,1.851
-2.863,-0.044,0.404,0.005,-0.090,-0.003,1.766
-2.866,0.000,0.367,0.005,-0.091,-0.002,1.807
-2.879,-0.044,0.473,0.004,-0.092,-0.007,1.710
-2.848,-0.054,0.321,0.006,-0.093,-0.009,1.654
-2.871,0.016,0.437,0.004,-0.088,-0.002,1.507
-2.863,-0.059,0.427,0.004,-0.090,-0.002,1.621
-2.864,-0.019,0.385,0.005,-0.088,-0.009,1.998
-2.858,-0.032,0.372,0.005,-0.094,-0.008,1.773
-2.886,-0.004,0.406,0.004,-0.092,-0.002,1.773
-2.883,-0.057,0.425,0.004,-0.094,-0.002,1.914
-2.837,-0.016,0.333,0.005,-0.093,-0.010,1.695
-2.881,-0.003,0.449,0.003,-0.091,-0.006,1.797
-2.883,-0.060,0.384,0.005,-0.089,-0.001,1.676
-2.859,-0.026,0.411,0.004,-0.091,-0.005,1.724
-2.854,-0.031,0.370,0.004,-0.093,-0.008,1.744
-2.901,-0.004,0.465,0.004,-0.091,-0.006,1.624
-2.849,-0.053,0.349,0.004,-0.092,-0.004,1.830
-2.853,-0.003,0.379,0.004,-0.088,-0.005,1.532
-2.860,-0.065,0.445,0.003,-0.092,-0.007,1.867
-2.883,-0.008,0.372,0.005,-0.090,-0.005,1.709
-2.871,-0.041,0.392,0.004,-0.089,-0.003,1.696
-2.872,-0.036,0.381,0.004,-0.095,-0.004,1.628
-2.893,-0.011,0.418,0.003,-0.092,-0.007,1.863
-2.855,-0.025,0.355,0.005,-0.091,-0.005,1.563
-2.891,-0.040,0.464,0.004,-0.094,-0.003,1.744
-2.855,-0.056,0.322,0.004,-0.091,-0.006,1.668
-2.890,0.013,0.421,0.005,-0.091,-0.008,1.522
-2.876,-0.058,0.417,0.005,-0.093,-0.003,1.711
-2.856,-0.021,0.330,0.005,-0.091,-0.004,1.610
-2.874,-0.018,0.384,0.005,-0.092,-0.005,1.659
-2.857,-0.011,0.398,0.003,-0.091,-0.008,1.658
-2.884,-0.042,0.367,0.005,-0.091,-0.000,1.586
-2.826,-0.026,0.330,0.005,-0.093,-0.005,1.499
-2.914,-0.009,0.492,0.005,-0.092,-0.007,1.442
-2.854,-0.055,0.330,0.004,-0.091,-0.006,1.607
-2.860,0.015,0.374,0.004,-0.092,-0.001,1.674
-2.883,-0.056,0.395,0.003,-0.091,-0.004,1.607
-2.896,-0.019,0.397,0.005,-0.092,-0.008,1.604
-2.828,-0.038,0.343,0.003,-0.093,-0.006,1.619
-2.885,-0.002,0.378,0.003,-0.091,-0.003,1.636
-2.899,-0.055,0.446,0.002,-0.093,-0.002,1.706
-2.848,-0.012,0.333,0.004,-0.093,-0.007,1.756
-2.871,-0.018,0.439,0.005,-0.089,-0.006,1.753
-2.875,-0.057,0.374,0.004,-0.090,-0.002,1.704
-2.848,0.003,0.442,0.004,-0.092,-0.004,1.593
2.664,-0.138,2.561,0.007,0.151,-0.018,18.217
2.653,-0.101,2.617,0.009,0.152,-0.027,18.236
2.679,-0.139,2.582,0.011,0.148,-0.030,18.197
2.617,-0.154,2.616,0.009,0.149,-0.029,18.221
2.694,-0.052,2.531,0.004,0.153,-0.017,18.233
2.684,-0.137,2.503,0.008,0.153,-0.027,18.230
2.621,-0.137,2.578,0.010,0.156,-0.039,18.208
2.655,-0.132,2.621,0.014,0.149,-0.029,18.235
2.675,-0.125,2.570,0.005,0.150,-0.021,18.243
2.659,-0.093,2.645,0.003,0.150,-0.037,18.248
2.672,-0.113,2.511,0.010,0.150,-0.024,18.208
2.625,-0.100,2.641,0.006,0.153,-0.019,18.208
2.676,-0.050,2.513,0.004,0.151,-0.021,18.236
2.692,-0.128,2.403,0.015,0.153,-0.032,18.224
2.672,-0.170,2.553,0.019,0.155,-0.028,18.219
2.634,-0.116,2.623,0.011,0.151,-0.027,18.257
2.678,-0.147,2.565,0.001,0.153,-0.026,18.229
2.652,-0.093,2.570,0.013,0.154,-0.026,18.225
2.668,-0.143,2.480,0.007,0.148,-0.034,18.228
2.657,-0.144,2.621,0.007,0.151,-0.027,18.221
2.655,-0.069,2.543,0.007,0.157,-0.024,18.233
2.698,-0.149,2.422,0.013,0.156,-0.032,18.213
2.648,-0.158,2.616,0.016,0.150,-0.032,18.257
2.671,-0.139,2.531,0.008,0.147,-0.027,18.221
2.654,-0.136,2.643,0.005,0.150,-0.025,18.201
2.638,-0.129,2.641,0.011,0.152,-0.035,18.230
2.654,-0.087,2.596,0.005,0.150,-0.026,18.212
2.661,-0.128,2.610,0.009,0.150,-0.025,18.206
2.673,-0.101,2.552,0.009,0.151,-0.025,18.205
2.678,-0.145,2.494,0.012,0.152,-0.025,18.226
2.640,-0.117,2.677,0.010,0.151,-0.027,18.227
2.650,-0.121,2.553,0.007,0.153,-0.029,18.230
2.683,-0.140,2.521,0.010,0.153,-0.026,18.193
2.655,-0.130,2.592,0.012,0.153,-0.027,18.215
2.663,-0.104,2.594,0.011,0.150,-0.025,18.220
2.625,-0.126,2.682,0.003,0.151,-0.031,18.240
2.708,-0.096,2.466,0.013,0.153,-0.022,18.239
2.652,-0.131,2.530,0.006,0.148,-0.033,18.238
2.643,-0.146,2.546,0.012,0.152,-0.026,18.206
2.657,-0.122,2.578,0.012,0.151,-0.029,18.202
2.653,-0.183,2.591,0.013,0.147,-0.030,18.220
2.644,-0.054,2.614,0.003,0.153,-0.027,18.260
2.706,-0.111,2.561,0.011,0.150,-0.024,18.253
2.680,-0.112,2.539,0.013,0.153,-0.023,18.224
2.602,-0.087,2.718,0.001,0.151,-0.027,18.197
2.688,-0.127,2.450,0.009,0.150,-0.027,18.212
2.645,-0.158,2.560,0.014,0.152,-0.036,18.235
2.680,-0.112,2.540,0.012,0.154,-0.030,18.215
2.660,-0.077,2.596,0.001,0.149,-0.016,18.214
2.640,-0.080,2.619,0.004,0.151,-0.022,18.240
2.692,-0.112,2.506,0.007,0.154,-0.030,18.236
2.685,-0.148,2.510,0.015,0.150,-0.027,18.245
2.636,-0.072,2.592,0.004,0.154,-0.025,18.216
2.669,-0.078,2.550,0.002,0.148,-0.022,18.234
2.666,-0.153,2.574,0.007,0.153,-0.029,18.227
2.666,-0.089,2.530,0.007,0.159,-0.032,18.217
2.680,-0.145,2.536,0.015,0.150,-0.030,18.250
2.622,-0.110,2.695,0.008,0.148,-0.027,18.247
2.688,-0.138,2.539,0.011,0.154,-0.028,18.237
2.658,-0.150,2.541,0.008,0.154,-0.025,18.193
2.652,-0.083,2.602,0.011,0.159,-0.022,18.209
2.702,-0.100,2.466,0.009,0.156,-0.025,18.237
2.652,-0.101,2.590,0.003,0.152,-0.020,18.274
2.634,-0.053,2.583,-0.002,0.152,-0.024,18.266
2.670,-0.129,2.524,0.006,0.150,-0.026,18.229
2.670,-0.123,2.558,0.009,0.156,-0.027,18.235
2.672,-0.078,2.502,0.013,0.149,-0.027,18.229
2.666,-0.170,2.547,0.012,0.150,-0.028,18.247
2.638,-0.109,2.663,0.007,0.147,-0.024,18.229
2.687,-0.133,2.481,0.010,0.156,-0.029,18.244
2.659,-0.155,2.603,0.012,0.150,-0.036,18.242
2.664,-0.107,2.599,0.011,0.147,-0.027,18.210
2.626,-0.090,2.568,0.001,0.151,-0.021,18.236
2.660,-0.121,2.646,0.008,0.152,-0.023,18.210
2.676,-0.084,2.531,0.013,0.146,-0.023,18.214
2.670,-0.153,2.539,0.007,0.153,-0.028,18.227
2.660,-0.087,2.573,0.006,0.155,-0.026,18.218
2.669,-0.127,2.533,0.009,0.151,-0.031,18.219
2.637,-0.137,2.543,0.016,0.152,-0.025,18.219
2.664,-0.081,2.637,0.004,0.151,-0.028,18.205
2.697,-0.164,2.524,0.009,0.146,-0.030,18.224
2.618,-0.149,2.604,0.010,0.151,-0.029,18.233
2.667,-0.081,2.500,0.009,0.155,-0.023,18.253
2.672,-0.081,2.517,0.013,0.151,-0.020,18.217
2.645,-0.117,2.601,0.011,0.150,-0.026,18.230
2.660,-0.106,2.571,0.005,0.151,-0.026,18.189
2.668,-0.127,2.562,0.002,0.152,-0.025,18.184
2.659,-0.130,2.531,0.009,0.156,-0.027,18.188
2.686,-0.146,2.441,0.013,0.157,-0.031,18.214
2.660,-0.184,2.541,0.013,0.153,-0.031,18.221
2.611,-0.083,2.733,0.003,0.150,-0.023,18.239
2.688,-0.110,2.494,0.009,0.151,-0.024,18.227
2.643,-0.108,2.518,0.005,0.149,-0.031,18.209
2.652,-0.149,2.589,0.016,0.153,-0.025,18.194
2.658,-0.167,2.631,0.013,0.152,-0.026,18.231
2.636,-0.120,2.658,0.002,0.147,-0.032,18.228
2.667,-0.094,2.556,0.008,0.150,-0.029,18.216
2.658,-0.139,2.547,0.013,0.150,-0.025,18.214
2.631,-0.075,2.692,0.000,0.150,-0.025,18.199
2.665,-0.065,2.624,0.002,0.152,-0.024,18.237
2.677,-0.120,2.432,0.003,0.152,-0.026,18.210
2.646,-0.119,2.526,0.004,0.152,-0.033,18.207
2.685,-0.083,2.569,0.007,0.151,-0.026,18.223
2.626,-0.175,2.596,0.015,0.149,-0.029,18.224
2.645,-0.109,2.599,0.008,0.152,-0.032,18.195
2.690,-0.141,2.467,0.013,0.153,-0.033,18.188
2.648,-0.167,2.600,0.008,0.152,-0.023,18.198
2.641,-0.123,2.630,0.009,0.150,-0.026,18.243
2.673,-0.119,2.529,0.009,0.152,-0.028,18.232
2.660,-0.126,2.569,0.009,0.153,-0.030,18.237
2.650,-0.097,2.578,0.015,0.149,-0.021,18.232
2.676,-0.122,2.573,0.005,0.150,-0.025,18.211
2.622,-0.093,2.669,0.002,0.152,-0.025,18.212
2.683,-0.053,2.582,0.001,0.151,-0.026,18.208
2.681,-0.113,2.401,0.013,0.156,-0.020,18.224
2.622,-0.114,2.597,0.016,0.155,-0.027,18.249
2.665,-0.085,2.567,0.011,0.148,-0.029,18.269
2.650,-0.101,2.547,0.003,0.150,-0.024,18.235
2.674,-0.076,2.618,-0.002,0.153,-0.025,18.200
2.671,-0.109,2.527,0.013,0.149,-0.022,18.218
2.637,-0.178,2.641,0.015,0.156,-0.028,18.246
2.645,-0.086,2.571,0.009,0.150,-0.027,18.209
2.654,-0.129,2.528,0.004,0.149,-0.029,18.210
2.651,-0.145,2.561,0.015,0.154,-0.021,18.209
2.668,-0.081,2.620,0.002,0.152,-0.028,18.224
2.684,-0.131,2.491,0.006,0.152,-0.031,18.244
2.634,-0.154,2.625,0.013,0.149,-0.033,18.257
2.697,-0.074,2.454,0.005,0.151,-0.023,18.229
2.649,-0.184,2.634,0.013,0.149,-0.030,18.223
2.655,-0.132,2.621,0.007,0.153,-0.033,18.226
2.673,-0.065,2.448,0.001,0.153,-0.024,18.198
2.670,-0.099,2.550,0.007,0.153,-0.022,18.205
2.660,-0.088,2.500,0.015,0.154,-0.026,18.236
2.649,-0.104,2.589,0.006,0.152,-0.024,18.222
2.634,-0.129,2.687,0.004,0.147,-0.028,18.195
2.664,-0.142,2.535,0.015,0.151,-0.027,18.234
2.690,-0.110,2.576,-0.000,0.152,-0.030,18.261
2.625,-0.074,2.600,0.004,0.154,-0.028,18.232
2.684,-0.152,2.465,0.008,0.150,-0.019,18.220
2.661,-0.127,2.586,0.005,0.157,-0.024,18.197
2.682,-0.076,2.511,0.009,0.152,-0.033,18.255
2.675,-0.121,2.497,0.010,0.150,-0.027,18.263
2.641,-0.146,2.626,0.008,0.150,-0.021,18.218
2.641,-0.111,2.562,0.007,0.152,-0.029,18.206
2.664,-0.136,2.553,0.010,0.152,-0.033,18.224
2.620,-0.074,2.616,0.008,0.145,-0.026,18.250
2.658,-0.090,2.524,0.003,0.151,-0.017,18.257
2.678,-0.138,2.584,0.009,0.152,-0.031,18.246
2.649,-0.104,2.588,0.015,0.156,-0.025,18.211
2.667,-0.214,2.488,0.020,0.151,-0.034,18.252
2.675,-0.122,2.589,0.010,0.152,-0.029,18.221
2.670,-0.060,2.561,-0.002,0.154,-0.025,18.225
2.648,-0.123,2.564,0.008,0.148,-0.025,18.243
2.629,-0.124,2.631,0.014,0.153,-0.025,18.218
2.655,-0.072,2.516,0.006,0.148,-0.026,18.207
2.686,-0.131,2.458,0.008,0.156,-0.028,18.221
2.642,-0.138,2.611,0.008,0.153,-0.032,18.240
2.642,-0.095,2.534,0.008,0.153,-0.027,18.234
2.673,-0.134,2.488,0.006,0.150,-0.024,18.234
2.647,-0.083,2.611,0.008,0.151,-0.032,18.219
2.647,-0.145,2.503,0.010,0.151,-0.029,18.193
2.673,-0.124,2.546,0.006,0.153,-0.022,18.219
2.659,-0.090,2.577,0.010,0.154,-0.027,18.219
2.674,-0.090,2.481,0.000,0.148,-0.031,18.233
2.666,-0.148,2.565,0.004,0.151,-0.027,18.224
2.638,-0.129,2.592,0.015,0.153,-0.025,18.179
2.677,-0.173,2.530,0.008,0.151,-0.034,18.176
2.660,-0.113,2.563,0.007,0.155,-0.037,18.219
2.655,-0.112,2.499,0.007,0.150,-0.023,18.242
2.671,-0.164,2.578,0.009,0.149,-0.025,18.216
2.618,-0.039,2.643,-0.001,0.155,-0.024,18.237
2.696,-0.187,2.448,0.013,0.152,-0.039,18.266
2.659,-0.203,2.598,0.012,0.154,-0.030,18.243
2.660,-0.111,2.543,0.011,0.152,-0.026,18.251
2.671,-0.095,2.559,0.007,0.149,-0.028,18.236
2.646,-0.115,2.547,0.013,0.153,-0.032,18.226
2.673,-0.108,2.529,0.008,0.148,-0.023,18.215
2.682,-0.152,2.544,0.006,0.152,-0.024,18.213
2.634,-0.123,2.581,0.014,0.157,-0.032,18.204
2.653,-0.123,2.495,0.015,0.153,-0.022,18.233
2.668,-0.113,2.580,0.011,0.152,-0.024,18.256
2.676,-0.075,2.523,0.002,0.149,-0.030,18.219
2.649,-0.092,2.539,0.006,0.151,-0.026,18.212
2.644,-0.192,2.649,0.014,0.151,-0.033,18.249
2.679,-0.088,2.474,0.009,0.151,-0.023,18.256
2.672,-0.109,2.512,0.003,0.155,-0.028,18.227
2.645,-0.148,2.556,0.013,0.149,-0.031,18.230
2.650,-0.126,2.539,0.009,0.152,-0.024,18.246
2.672,-0.049,2.566,-0.002,0.150,-0.022,18.232
2.673,-0.094,2.519,0.008,0.153,-0.032,18.245
2.679,-0.163,2.502,0.011,0.151,-0.027,18.221
2.597,-0.089,2.634,0.011,0.154,-0.017,18.215
2.701,-0.058,2.490,0.005,0.153,-0.025,18.230
2.670,-0.114,2.436,0.004,0.151,-0.023,18.211
2.636,-0.105,2.559,0.010,0.154,-0.022,18.212
2.654,-0.091,2.520,0.012,0.150,-0.020,18.210
2.668,-0.164,2.521,0.017,0.157,-0.025,18.241
2.673,-0.062,2.534,0.012,0.148,-0.029,18.233
2.647,-0.069,2.548,0.001,0.147,-0.019,18.223
2.655,-0.130,2.573,0.005,0.155,-0.025,18.237
2.679,-0.090,2.465,0.014,0.160,-0.031,18.258
2.705,-0.131,2.476,0.008,0.151,-0.034,18.243
2.606,-0.143,2.628,0.012,0.148,-0.029,18.244
2.682,-0.139,2.558,0.010,0.151,-0.030,18.232
2.649,-0.141,2.597,0.005,0.147,-0.029,18.251
2.664,-0.094,2.512,0.015,0.154,-0.023,18.234
2.693,-0.134,2.498,0.014,0.152,-0.027,18.248
2.653,-0.154,2.596,0.015,0.151,-0.024,18.254
2.619,-0.068,2.614,0.005,0.152,-0.030,18.236
2.696,-0.077,2.445,0.007,0.148,-0.018,18.234
2.659,-0.142,2.522,0.013,0.154,-0.024,18.238
2.668,-0.101,2.518,0.002,0.154,-0.024,18.235
2.667,-0.132,2.543,0.008,0.155,-0.032,18.236
2.640,-0.097,2.601,0.008,0.155,-0.031,18.248
2.689,-0.098,2.533,0.011,0.148,-0.025,18.258
2.646,-0.141,2.547,0.012,0.148,-0.023,18.275
2.628,-0.092,2.620,0.011,0.150,-0.029,18.237
2.681,-0.097,2.477,-0.004,0.149,-0.031,18.229
2.665,-0.140,2.414,0.008,0.157,-0.026,18.196
2.664,-0.172,2.480,0.022,0.150,-0.034,18.232
2.660,-0.169,2.597,0.015,0.147,-0.036,18.203
2.637,-0.151,2.658,0.015,0.150,-0.031,18.227
2.668,-0.118,2.553,0.009,0.147,-0.030,18.203
2.652,-0.142,2.530,0.010,0.147,-0.032,18.214
2.637,-0.108,2.629,0.009,0.150,-0.026,18.216
2.630,-0.070,2.563,-0.001,0.147,-0.023,18.247
2.710,-0.125,2.450,0.007,0.151,-0.025,18.230
2.646,-0.078,2.548,0.011,0.157,-0.022,18.226
2.687,-0.117,2.524,0.020,0.148,-0.021,18.242
2.650,-0.080,2.638,0.002,0.149,-0.026,18.252
2.676,-0.092,2.505,0.007,0.150,-0.025,18.253
2.664,-0.126,2.495,0.006,0.150,-0.024,18.244
2.635,-0.154,2.566,0.016,0.153,-0.023,18.190
2.668,-0.098,2.472,0.007,0.157,-0.038,18.228
2.665,-0.162,2.442,0.017,0.153,-0.032,18.245
2.662,-0.099,2.588,0.014,0.148,-0.020,18.218
2.654,-0.094,2.532,0.001,0.148,-0.028,18.202
2.658,-0.114,2.561,0.002,0.149,-0.032,18.229
2.663,-0.161,2.467,0.015,0.155,-0.030,18.207
2.694,-0.200,2.406,0.025,0.150,-0.028,18.199
2.634,-0.123,2.655,0.010,0.155,-0.027,18.212
2.660,-0.089,2.638,0.005,0.151,-0.031,18.238
2.667,-0.132,2.497,0.006,0.149,-0.028,18.226
2.652,-0.092,2.556,0.002,0.152,-0.020,18.228
2.671,-0.100,2.559,0.008,0.155,-0.025,18.210
2.674,-0.141,2.472,0.014,0.156,-0.029,18.242
2.635,-0.106,2.633,0.012,0.151,-0.027,18.249
2.683,-0.108,2.532,0.007,0.149,-0.021,18.240
2.645,-0.137,2.515,0.012,0.152,-0.026,18.246
2.673,-0.106,2.557,0.013,0.152,-0.032,18.201
2.661,-0.092,2.502,0.007,0.149,-0.027,18.207
2.656,-0.111,2.540,0.008,0.152,-0.022,18.252
2.668,-0.061,2.551,0.006,0.152,-0.020,18.230
2.671,-0.121,2.371,0.007,0.154,-0.028,18.226
2.667,-0.191,2.492,0.018,0.157,-0.036,18.238
2.639,-0.171,2.548,0.019,0.146,-0.033,18.229
2.667,-0.171,2.524,0.003,0.157,-0.031,18.220
2.638,-0.100,2.612,0.009,0.154,-0.027,18.240
2.668,-0.080,2.516,0.014,0.146,-0.023,18.241
2.664,-0.092,2.566,0.002,0.152,-0.023,18.235
2.658,-0.062,2.521,0.009,0.150,-0.023,18.225
2.653,-0.130,2.551,0.006,0.152,-0.025,18.231
2.674,-0.073,2.566,0.004,0.152,-0.026,18.240
2.657,-0.134,2.480,0.010,0.156,-0.028,18.234
2.681,-0.177,2.484,0.012,0.151,-0.027,18.232
2.641,-0.123,2.581,0.005,0.155,-0.031,18.220
2.671,-0.094,2.445,0.008,0.151,-0.028,18.243
2.626,-0.131,2.622,0.012,0.148,-0.025,18.223
2.699,-0.102,2.497,0.004,0.149,-0.025,18.241
2.647,-0.158,2.488,0.011,0.157,-0.033,18.227
2.650,-0.122,2.651,0.015,0.150,-0.031,18.248
2.683,-0.080,2.535,0.001,0.148,-0.026,18.237
2.674,-0.082,2.437,-0.004,0.156,-0.021,18.225
2.646,-0.167,2.577,0.018,0.154,-0.034,18.185
2.658,-0.127,2.531,0.012,0.150,-0.034,18.236
2.655,-0.116,2.538,0.006,0.151,-0.031,18.239
2.646,-0.099,2.562,0.010,0.152,-0.024,18.233
2.661,-0.120,2.485,0.008,0.153,-0.024,18.256
2.628,-0.095,2.558,0.003,0.152,-0.029,18.239
2.699,-0.060,2.423,0.006,0.156,-0.025,18.193
2.674,-0.162,2.419,0.015,0.156,-0.029,18.184
2.631,-0.099,2.616,0.012,0.153,-0.025,18.193
2.659,-0.051,2.553,0.005,0.151,-0.022,18.235
2.678,-0.122,2.494,0.009,0.150,-0.025,18.222
2.650,-0.092,2.551,0.002,0.153,-0.027,18.218
2.635,-0.144,2.442,0.010,0.155,-0.032,18.233
2.676,-0.169,2.520,0.016,0.151,-0.033,18.224
2.639,-0.142,2.621,0.012,0.151,-0.034,18.193
2.671,-0.110,2.514,0.008,0.147,-0.028,18.210
2.638,-0.145,2.652,0.014,0.150,-0.031,18.228
2.622,-0.111,2.605,0.008,0.151,-0.031,18.218
2.683,-0.118,2.476,0.007,0.150,-0.027,18.192
2.673,-0.095,2.483,0.008,0.152,-0.016,18.224
2.635,-0.070,2.600,0.008,0.152,-0.020,18.239
2.670,-0.125,2.441,0.007,0.152,-0.027,18.199
2.699,-0.099,2.457,0.008,0.158,-0.028,18.214
2.622,-0.066,2.586,0.004,0.152,-0.023,18.215
2.675,-0.127,2.588,0.008,0.145,-0.026,18.239
2.660,-0.155,2.514,0.011,0.153,-0.027,18.240
2.674,-0.035,2.465,-0.000,0.153,-0.028,18.222
2.644,-0.138,2.532,0.006,0.151,-0.028,18.207
2.659,-0.153,2.594,0.005,0.152,-0.029,18.212
2.660,-0.084,2.504,0.002,0.151,-0.029,18.218
2.696,-0.114,2.382,0.011,0.151,-0.027,18.208
2.642,-0.163,2.595,0.017,0.154,-0.030,18.231
2.629,-0.115,2.549,0.017,0.148,-0.027,18.227
2.655,-0.101,2.534,0.005,0.147,-0.029,18.218
2.668,-0.088,2.520,0.006,0.149,-0.027,18.230
2.660,-0.150,2.468,0.010,0.159,-0.029,18.185
2.681,-0.105,2.495,0.003,0.154,-0.025,18.196
2.633,-0.127,2.587,0.011,0.154,-0.032,18.207
2.709,-0.142,2.440,0.005,0.154,-0.031,18.219
2.634,-0.120,2.568,0.007,0.150,-0.026,18.209
2.630,-0.100,2.613,0.009,0.152,-0.024,18.244
2.699,-0.070,2.409,0.005,0.150,-0.022,18.218
2.676,-0.136,2.463,0.007,0.156,-0.026,18.197
2.626,-0.118,2.625,0.019,0.147,-0.031,18.247
2.662,-0.124,2.566,0.011,0.150,-0.027,18.236
2.657,-0.102,2.511,0.008,0.149,-0.030,18.215
2.657,-0.092,2.540,0.018,0.156,-0.023,18.209
2.701,-0.126,2.486,0.008,0.151,-0.024,18.215
2.629,-0.086,2.655,0.004,0.153,-0.023,18.245
2.678,-0.096,2.439,0.006,0.151,-0.029,18.240
2.685,-0.174,2.451,0.011,0.152,-0.027,18.228
2.659,-0.099,2.516,0.004,0.155,-0.024,18.227
2.657,-0.102,2.464,0.011,0.152,-0.032,18.223
2.660,-0.150,2.474,0.015,0.153,-0.026,18.221
2.650,-0.151,2.610,0.013,0.152,-0.030,18.243
2.671,-0.136,2.516,0.007,0.155,-0.027,18.228
2.659,-0.104,2.587,0.012,0.156,-0.027,18.242
2.676,-0.069,2.542,0.007,0.152,-0.028,18.255
2.679,-0.145,2.509,0.007,0.149,-0.023,18.232
2.642,-0.095,2.550,0.010,0.156,-0.023,18.208
2.676,-0.102,2.425,0.009,0.153,-0.030,18.218
2.654,-0.148,2.537,0.009,0.149,-0.028,18.215
2.659,-0.083,2.538,0.011,0.150,-0.021,18.240
2.668,-0.058,2.478,0.009,0.152,-0.015,18.244
2.636,-0.087,2.581,0.002,0.147,-0.024,18.215
2.663,-0.076,2.491,0.006,0.149,-0.027,18.206
2.702,-0.149,2.392,0.013,0.156,-0.027,18.222
2.610,-0.083,2.635,0.004,0.152,-0.021,18.256
2.656,-0.088,2.516,0.003,0.150,-0.024,18.226
2.705,-0.116,2.373,0.003,0.155,-0.032,18.210
2.627,-0.121,2.548,0.014,0.153,-0.030,18.179
2.663,-0.144,2.527,0.015,0.150,-0.031,18.244
2.683,-0.103,2.521,0.004,0.151,-0.026,18.255
2.655,-0.101,2.533,0.006,0.153,-0.030,18.227
2.649,-0.122,2.527,0.011,0.149,-0.024,18.245
2.671,-0.084,2.508,0.006,0.153,-0.021,18.230
2.657,-0.108,2.482,0.014,0.152,-0.025,18.226
2.691,-0.144,2.440,0.015,0.156,-0.022,18.233
2.633,-0.131,2.610,0.016,0.148,-0.026,18.211
2.648,-0.098,2.578,0.007,0.152,-0.030,18.212
2.694,-0.090,2.408,0.006,0.153,-0.023,18.230
2.655,-0.147,2.549,0.013,0.155,-0.027,18.218
2.647,-0.087,2.584,0.013,0.151,-0.034,18.226
2.671,-0.091,2.519,0.007,0.149,-0.024,18.239
2.688,-0.123,2.488,-0.001,0.152,-0.027,18.253
2.648,-0.102,2.480,0.011,0.153,-0.027,18.219
2.674,-0.174,2.442,0.021,0.153,-0.025,18.224
2.637,-0.145,2.604,0.022,0.152,-0.032,18.197
2.701,-0.069,2.449,0.009,0.150,-0.027,18.223
2.647,-0.095,2.553,-0.001,0.152,-0.026,18.247
2.642,-0.086,2.518,0.003,0.151,-0.024,18.225
2.708,-0.140,2.396,0.010,0.156,-0.037,18.215
2.660,-0.200,2.546,0.021,0.152,-0.040,18.231
2.646,-0.129,2.549,0.016,0.154,-0.029,18.213
2.670,-0.156,2.458,0.015,0.149,-0.026,18.218
2.660,-0.095,2.552,0.011,0.158,-0.027,18.239
2.674,-0.142,2.470,0.013,0.149,-0.029,18.226
2.666,-0.144,2.484,0.008,0.150,-0.025,18.223
2.659,-0.103,2.527,0.010,0.159,-0.031,18.235
2.709,-0.140,2.379,0.012,0.150,-0.026,18.197
2.639,-0.146,2.581,0.006,0.152,-0.025,18.243
2.645,-0.079,2.543,-0.001,0.151,-0.034,18.224
2.679,-0.130,2.472,0.006,0.151,-0.031,18.245
2.656,-0.145,2.561,0.007,0.151,-0.028,18.243
2.665,-0.093,2.528,0.012,0.153,-0.026,18.214
2.681,-0.136,2.450,0.009,0.152,-0.026,18.189
2.652,-0.118,2.522,0.011,0.153,-0.028,18.215
2.661,-0.087,2.487,0.009,0.149,-0.025,18.230
2.685,-0.108,2.421,0.009,0.155,-0.024,18.241
2.615,-0.177,2.585,0.022,0.153,-0.026,18.243
2.672,-0.124,2.560,0.012,0.147,-0.027,18.228
2.677,-0.110,2.512,0.007,0.152,-0.024,18.232
2.658,-0.119,2.510,0.006,0.153,-0.029,18.226
2.655,-0.082,2.523,0.002,0.149,-0.027,18.203
2.679,-0.117,2.462,0.007,0.152,-0.024,18.223
2.626,-0.073,2.596,0.004,0.150,-0.026,18.231
2.643,-0.104,2.538,0.002,0.148,-0.026,18.213
2.670,-0.110,2.498,0.010,0.155,-0.023,18.218
2.666,-0.078,2.478,0.011,0.154,-0.027,18.221
2.664,-0.151,2.503,0.014,0.151,-0.029,18.238
2.649,-0.126,2.624,0.011,0.154,-0.026,18.231
2.670,-0.071,2.529,0.008,0.153,-0.027,18.235
2.661,-0.162,2.499,0.005,0.146,-0.030,18.215
2.639,-0.112,2.550,0.003,0.154,-0.028,18.211
2.664,-0.099,2.530,0.010,0.148,-0.025,18.217
2.669,-0.143,2.486,0.011,0.149,-0.026,18.210
2.640,-0.094,2.558,0.002,0.147,-0.030,18.220
2.678,-0.131,2.489,0.012,0.152,-0.033,18.231
2.662,-0.122,2.564,0.005,0.149,-0.027,18.249
2.643,-0.069,2.603,0.003,0.152,-0.022,18.219
2.698,-0.113,2.384,0.013,0.156,-0.026,18.231
2.632,-0.124,2.590,0.010,0.151,-0.028,18.221
2.678,-0.123,2.557,0.008,0.153,-0.027,18.223
2.699,-0.085,2.426,0.006,0.149,-0.023,18.239
2.644,-0.151,2.463,0.012,0.155,-0.032,18.258
2.662,-0.152,2.547,0.013,0.157,-0.032,18.231
2.676,-0.177,2.497,0.014,0.150,-0.031,18.232
2.640,-0.079,2.600,0.007,0.150,-0.030,18.213
2.690,-0.106,2.458,0.007,0.151,-0.029,18.218
2.632,-0.188,2.544,0.014,0.153,-0.029,18.198
2.661,-0.083,2.572,0.006,0.150,-0.028,18.227
2.694,-0.115,2.386,0.015,0.156,-0.026,18.252
2.661,-0.159,2.526,0.012,0.155,-0.029,18.249
2.620,-0.075,2.548,0.005,0.154,-0.025,18.231
2.693,-0.117,2.424,0.003,0.152,-0.026,18.213
2.651,-0.092,2.532,0.001,0.152,-0.026,18.182
2.669,-0.080,2.529,0.007,0.149,-0.027,18.206
2.668,-0.145,2.398,0.011,0.155,-0.017,18.236
2.658,-0.105,2.493,0.008,0.154,-0.028,18.213
2.678,-0.108,2.404,0.014,0.156,-0.032,18.210
2.663,-0.142,2.484,0.013,0.152,-0.026,18.237
2.647,-0.112,2.636,0.005,0.149,-0.026,18.272
2.691,-0.114,2.463,0.008,0.151,-0.030,18.246
2.669,-0.122,2.419,0.011,0.155,-0.022,18.225
2.651,-0.100,2.600,0.017,0.148,-0.024,18.260
2.653,-0.069,2.520,0.008,0.147,-0.025,18.239
2.681,-0.125,2.461,0.003,0.146,-0.027,18.232
2.645,-0.089,2.553,0.010,0.155,-0.025,18.241
2.661,-0.115,2.474,0.009,0.153,-0.026,18.227
2.678,-0.096,2.503,-0.003,0.151,-0.028,18.235
2.673,-0.072,2.436,0.006,0.152,-0.031,18.249
2.645,-0.200,2.408,0.023,0.153,-0.034,18.228
2.664,-0.184,2.571,0.015,0.154,-0.027,18.231
2.675,-0.116,2.516,0.012,0.153,-0.029,18.243
2.683,-0.114,2.482,0.004,0.151,-0.032,18.253
2.649,-0.074,2.534,0.006,0.154,-0.025,18.251
2.636,-0.104,2.544,0.014,0.151,-0.021,18.249
2.678,-0.104,2.399,0.006,0.154,-0.021,18.220
2.649,-0.091,2.536,0.012,0.151,-0.027,18.212
2.698,-0.134,2.374,0.009,0.156,-0.028,18.225
2.665,-0.135,2.523,0.012,0.155,-0.027,18.230
2.683,-0.089,2.510,0.010,0.152,-0.031,18.289
2.674,-0.132,2.402,0.000,0.151,-0.028,18.238
2.666,-0.109,2.482,0.008,0.158,-0.026,18.208
2.667,-0.084,2.493,0.013,0.152,-0.034,18.205
2.672,-0.154,2.492,0.009,0.150,-0.032,18.233
2.667,-0.110,2.541,0.002,0.150,-0.029,18.228
2.656,-0.073,2.497,0.010,0.153,-0.024,18.280
2.662,-0.113,2.470,0.006,0.152,-0.025,18.265
2.654,-0.113,2.494,0.009,0.154,-0.028,18.212
2.670,-0.131,2.356,0.021,0.154,-0.029,18.225
2.659,-0.143,2.588,0.014,0.149,-0.027,18.212
2.653,-0.123,2.579,0.013,0.152,-0.027,18.234
2.691,-0.082,2.432,-0.000,0.155,-0.027,18.226
2.672,-0.136,2.501,0.008,0.153,-0.028,18.224
2.659,-0.152,2.519,0.012,0.152,-0.034,18.228
2.639,-0.112,2.513,0.005,0.151,-0.029,18.197
2.669,-0.102,2.525,0.006,0.151,-0.027,18.230
2.662,-0.149,2.448,0.010,0.151,-0.026,18.218
2.664,-0.135,2.531,0.009,0.149,-0.023,18.245
2.624,-0.055,2.641,0.009,0.149,-0.024,18.219
2.724,-0.110,2.365,0.012,0.149,-0.026,18.218
2.647,-0.195,2.518,0.018,0.155,-0.030,18.228
2.659,-0.098,2.501,0.014,0.156,-0.027,18.237
2.674,-0.109,2.519,0.009,0.149,-0.030,18.221
2.639,-0.143,2.499,0.008,0.149,-0.031,18.211
2.670,-0.105,2.482,0.014,0.154,-0.026,18.207
2.652,-0.174,2.519,0.009,0.152,-0.029,18.225
2.659,-0.070,2.491,0.004,0.149,-0.030,18.237
2.661,-0.117,2.421,0.009,0.149,-0.026,18.243
2.640,-0.089,2.585,0.008,0.152,-0.020,18.247
2.654,-0.033,2.616,-0.002,0.148,-0.023,18.201
2.689,-0.108,2.372,0.002,0.153,-0.026,18.211
2.656,-0.148,2.479,0.010,0.157,-0.033,18.219
2.667,-0.158,2.501,0.017,0.152,-0.036,18.202
2.654,-0.170,2.560,0.011,0.150,-0.031,18.215
2.644,-0.085,2.500,0.005,0.150,-0.027,18.221
2.672,-0.077,2.473,0.008,0.152,-0.023,18.239
2.643,-0.120,2.505,0.009,0.151,-0.023,18.213
2.647,-0.094,2.545,0.006,0.150,-0.026,18.206
2.690,-0.095,2.323,0.010,0.155,-0.027,18.215
2.688,-0.157,2.450,0.009,0.155,-0.022,18.241
2.622,-0.097,2.627,0.011,0.151,-0.027,18.267
2.690,-0.109,2.438,0.010,0.149,-0.029,18.248
2.687,-0.121,2.412,0.007,0.155,-0.021,18.224
2.651,-0.135,2.480,0.013,0.154,-0.030,18.228
2.681,-0.108,2.459,0.002,0.151,-0.030,18.225
2.669,-0.077,2.454,-0.000,0.151,-0.030,18.265
2.682,-0.128,2.428,0.015,0.153,-0.028,18.259
2.674,-0.152,2.457,0.019,0.154,-0.023,18.220
2.639,-0.115,2.540,0.010,0.154,-0.031,18.225
2.671,-0.116,2.351,0.006,0.155,-0.030,18.214
2.673,-0.151,2.496,0.013,0.149,-0.029,18.216
2.623,-0.139,2.575,0.018,0.153,-0.031,18.231
2.681,-0.100,2.493,0.002,0.150,-0.029,18.216
2.662,-0.100,2.531,0.002,0.150,-0.026,18.231
2.669,-0.058,2.444,0.000,0.153,-0.023,18.245
2.676,-0.180,2.407,0.013,0.158,-0.028,18.216
2.677,-0.115,2.494,0.007,0.150,-0.030,18.258
2.659,-0.058,2.480,0.005,0.149,-0.023,18.217
2.676,-0.175,2.461,0.012,0.150,-0.021,18.261
2.653,-0.101,2.544,0.009,0.154,-0.035,18.235
2.679,-0.094,2.379,0.012,0.152,-0.025,18.239
2.659,-0.143,2.439,0.010,0.148,-0.021,18.219
2.659,-0.113,2.535,0.014,0.156,-0.022,18.215
2.667,-0.084,2.455,0.012,0.151,-0.029,18.241
2.657,-0.164,2.495,0.012,0.147,-0.027,18.228
2.649,-0.091,2.506,0.007,0.154,-0.018,18.222
2.675,-0.067,2.479,0.000,0.151,-0.023,18.235
2.659,-0.136,2.482,0.009,0.152,-0.030,18.231
2.678,-0.096,2.411,0.006,0.154,-0.027,18.224
2.686,-0.108,2.388,0.005,0.153,-0.027,18.270
2.638,-0.104,2.579,0.013,0.151,-0.022,18.233
2.635,-0.046,2.505,0.009,0.149,-0.023,18.215
2.684,-0.095,2.423,-0.004,0.150,-0.027,18.247
2.640,-0.110,2.524,-0.002,0.154,-0.026,18.245
2.683,-0.067,2.447,0.001,0.152,-0.026,18.256
2.657,-0.132,2.388,0.005,0.153,-0.031,18.245
2.685,-0.089,2.450,0.013,0.157,-0.024,18.207
2.643,-0.103,2.547,0.007,0.148,-0.025,18.208
2.654,-0.140,2.505,0.003,0.148,-0.032,18.220
2.662,-0.116,2.493,0.014,0.153,-0.026,18.229
2.675,-0.088,2.411,0.004,0.149,-0.024,18.229
2.642,-0.119,2.569,0.004,0.148,-0.028,18.237
2.678,-0.080,2.497,0.011,0.155,-0.023,18.237
2.681,-0.118,2.382,0.008,0.153,-0.024,18.233
2.658,-0.083,2.527,0.004,0.152,-0.019,18.246
2.655,-0.090,2.493,0.009,0.150,-0.024,18.256
2.672,-0.114,2.409,0.004,0.149,-0.025,18.251
2.673,-0.034,2.410,0.008,0.155,-0.017,18.263
2.642,-0.155,2.474,0.022,0.159,-0.027,18.217
2.666,-0.150,2.529,0.013,0.147,-0.028,18.216
2.647,-0.062,2.569,0.002,0.154,-0.029,18.213
2.676,-0.112,2.422,0.008,0.150,-0.022,18.258
2.660,-0.174,2.534,0.016,0.155,-0.028,18.218
2.655,-0.128,2.494,0.014,0.152,-0.030,18.207
2.693,-0.098,2.398,0.015,0.154,-0.021,18.214
2.635,-0.155,2.585,0.009,0.151,-0.031,18.218
2.656,-0.139,2.560,0.011,0.153,-0.033,18.259
2.711,-0.090,2.408,-0.001,0.153,-0.025,18.238
2.655,-0.089,2.463,0.010,0.154,-0.025,18.226
2.627,-0.125,2.622,0.011,0.148,-0.030,18.208
2.669,-0.133,2.514,-0.002,0.150,-0.033,18.225
2.638,-0.055,2.478,-0.002,0.150,-0.023,18.233
2.671,-0.116,2.478,0.012,0.153,-0.026,18.249
2.688,-0.173,2.452,0.018,0.158,-0.027,18.224
2.644,-0.080,2.543,0.007,0.152,-0.027,18.238
2.667,-0.126,2.473,0.018,0.146,-0.027,18.232
2.666,-0.172,2.400,0.011,0.153,-0.027,18.210
2.656,-0.077,2.571,0.002,0.154,-0.033,18.238
2.672,-0.109,2.417,0.002,0.150,-0.032,18.240
2.659,-0.133,2.448,0.013,0.147,-0.022,18.226
2.621,-0.080,2.605,0.007,0.153,-0.026,18.226
2.705,-0.122,2.393,0.004,0.152,-0.031,18.224
2.672,-0.162,2.436,0.012,0.153,-0.030,18.219
2.656,-0.171,2.434,0.024,0.152,-0.034,18.219
2.674,-0.116,2.537,0.006,0.150,-0.029,18.242
2.651,-0.133,2.482,0.007,0.151,-0.026,18.209
2.673,-0.083,2.485,0.012,0.155,-0.023,18.246
2.657,-0.171,2.476,0.013,0.149,-0.029,18.212
2.645,-0.084,2.546,-0.002,0.152,-0.029,18.221
2.674,-0.089,2.464,0.008,0.149,-0.029,18.237
2.683,-0.145,2.387,0.009,0.152,-0.025,18.212
2.666,-0.168,2.508,0.012,0.158,-0.028,18.219
2.690,-0.130,2.426,0.012,0.152,-0.034,18.227
2.660,-0.148,2.421,0.018,0.149,-0.029,18.215
2.614,-0.144,2.599,0.010,0.148,-0.024,18.207
2.628,-0.047,2.549,0.002,0.146,-0.021,18.227
2.708,-0.098,2.339,0.010,0.154,-0.027,18.226
2.657,-0.180,2.484,0.013,0.153,-0.034,18.199
2.663,-0.081,2.480,0.010,0.155,-0.024,18.213
2.672,-0.121,2.398,0.011,0.152,-0.023,18.241
2.659,-0.112,2.494,0.016,0.154,-0.025,18.224
2.653,-0.134,2.437,0.013,0.151,-0.028,18.206
2.646,-0.105,2.467,0.003,0.150,-0.022,18.210
2.688,-0.107,2.433,0.015,0.151,-0.021,18.238
2.649,-0.129,2.479,0.009,0.150,-0.029,18.261
2.669,-0.136,2.405,0.008,0.154,-0.031,18.253
2.660,-0.118,2.450,0.016,0.153,-0.028,18.227
2.686,-0.199,2.402,0.026,0.151,-0.026,18.204
2.642,-0.153,2.578,0.011,0.151,-0.036,18.227
2.653,-0.051,2.540,-0.000,0.155,-0.027,18.256
2.696,-0.150,2.365,0.008,0.151,-0.023,18.243
2.641,-0.114,2.532,0.009,0.147,-0.029,18.213
2.657,-0.093,2.456,0.005,0.151,-0.028,18.224
2.661,-0.136,2.402,0.009,0.154,-0.025,18.206
2.635,-0.103,2.452,0.011,0.153,-0.029,18.210
2.686,-0.070,2.443,0.003,0.151,-0.029,18.225
2.640,-0.115,2.441,0.006,0.152,-0.024,18.247
2.677,-0.084,2.507,0.011,0.153,-0.021,18.230
2.677,-0.134,2.411,0.013,0.147,-0.025,18.229
2.667,-0.109,2.497,0.004,0.152,-0.030,18.272
2.640,-0.112,2.527,0.013,0.157,-0.023,18.253
2.699,-0.096,2.415,0.013,0.152,-0.022,18.228
2.671,-0.129,2.469,0.003,0.155,-0.025,18.197
2.649,-0.070,2.447,0.007,0.152,-0.025,18.209
2.678,-0.137,2.407,0.014,0.154,-0.031,18.204
2.661,-0.158,2.456,0.010,0.152,-0.034,18.236
2.664,-0.106,2.493,0.008,0.152,-0.033,18.208
2.642,-0.140,2.467,0.011,0.149,-0.022,18.196
2.667,-0.092,2.555,0.006,0.149,-0.023,18.239
2.649,-0.104,2.428,0.010,0.150,-0.029,18.212
2.684,-0.156,2.435,0.009,0.149,-0.028,18.241
2.668,-0.113,2.453,0.012,0.155,-0.019,18.241
2.685,-0.098,2.333,0.013,0.155,-0.033,18.210
2.652,-0.153,2.507,0.018,0.150,-0.031,18.238
2.643,-0.113,2.523,0.019,0.153,-0.019,18.244
2.658,-0.112,2.412,0.010,0.151,-0.025,18.206
2.684,-0.157,2.383,0.014,0.155,-0.024,18.216
2.641,-0.052,2.558,0.010,0.153,-0.026,18.247
2.672,-0.076,2.409,0.005,0.153,-0.020,18.249
2.674,-0.087,2.433,0.005,0.153,-0.018,18.240
2.680,-0.137,2.324,0.015,0.154,-0.027,18.221
2.688,-0.138,2.385,0.007,0.152,-0.035,18.222
2.595,-0.122,2.554,0.012,0.157,-0.025,18.214
2.688,-0.124,2.424,0.016,0.147,-0.027,18.237
2.654,-0.132,2.497,0.006,0.151,-0.030,18.239
2.648,-0.098,2.491,0.003,0.154,-0.028,18.221
2.686,-0.098,2.357,0.010,0.158,-0.030,18.220
2.690,-0.140,2.393,0.013,0.150,-0.030,18.237
2.651,-0.080,2.518,0.015,0.151,-0.028,18.225
2.665,-0.144,2.433,0.009,0.151,-0.024,18.207
2.667,-0.111,2.415,0.003,0.153,-0.028,18.258
2.693,-0.071,2.372,0.009,0.153,-0.029,18.242
2.680,-0.164,2.424,0.011,0.153,-0.027,18.246
2.610,-0.124,2.586,0.010,0.153,-0.028,18.228
2.690,-0.079,2.380,0.007,0.150,-0.025,18.205
2.668,-0.125,2.501,0.006,0.151,-0.030,18.214
2.646,-0.091,2.495,0.013,0.155,-0.023,18.225
2.669,-0.106,2.449,0.007,0.149,-0.021,18.255
2.662,-0.079,2.420,0.005,0.152,-0.020,18.230
2.695,-0.064,2.336,0.013,0.157,-0.022,18.197
2.669,-0.154,2.375,0.017,0.154,-0.026,18.192
2.625,-0.113,2.501,0.014,0.148,-0.030,18.225
2.659,-0.034,2.414,0.003,0.148,-0.023,18.241
2.672,-0.122,2.433,0.013,0.150,-0.022,18.221
2.624,-0.081,2.584,0.005,0.154,-0.021,18.215
2.706,-0.095,2.360,0.010,0.152,-0.021,18.249
2.684,-0.136,2.437,0.014,0.161,-0.029,18.229
2.682,-0.150,2.447,0.019,0.153,-0.029,18.217
2.662,-0.061,2.449,0.004,0.152,-0.020,18.211
0.165,0.029,-0.969,0.002,0.003,0.001,1.148
0.163,0.030,-0.968,0.002,0.003,0.001,1.121
0.162,0.029,-0.975,0.002,0.003,0.001,0.946
0.163,0.030,-0.975,0.002,0.003,0.001,1.162
0.162,0.029,-0.982,0.002,0.003,0.001,1.341
0.163,0.029,-0.982,0.002,0.003,0.001,1.304
0.162,0.029,-0.983,0.002,0.003,0.001,1.243
0.164,0.028,-0.982,0.002,0.003,0.001,1.106
0.163,0.031,-0.982,0.002,0.003,0.001,1.273
0.163,0.028,-0.981,0.002,0.003,0.001,1.149
0.164,0.032,-0.978,0.002,0.004,0.001,1.330
0.164,0.028,-0.983,0.002,0.003,0.001,0.971
0.165,0.026,-0.982,0.002,0.003,0.001,1.039
0.163,0.031,-0.984,0.002,0.004,0.001,1.005
0.165,0.028,-0.985,0.002,0.003,0.001,0.851
0.163,0.027,-0.988,0.002,0.003,0.001,0.860
0.164,0.027,-0.986,0.002,0.003,0.001,0.973
0.162,0.028,-0.988,0.002,0.003,0.001,1.356
0.165,0.027,-0.991,0.002,0.003,0.001,0.968
0.163,0.030,-0.991,0.002,0.003,0.001,1.263
0.164,0.029,-0.995,0.002,0.003,0.001,0.887
0.165,0.027,-0.991,0.002,0.003,0.001,1.091
0.164,0.030,-0.998,0.002,0.003,0.001,1.008
0.164,0.027,-1.003,0.002,0.003,0.001,1.006
0.163,0.029,-0.998,0.002,0.003,0.001,1.244
0.167,0.029,-1.003,0.002,0.003,0.001,1.202
0.165,0.028,-0.997,0.002,0.003,0.001,1.101
0.166,0.031,-1.004,0.002,0.004,0.001,1.206
0.165,0.030,-1.006,0.002,0.003,0.001,1.047
0.165,0.029,-1.005,0.002,0.003,0.001,0.939
0.166,0.028,-1.016,0.002,0.003,0.001,0.877
0.164,0.032,-1.008,0.002,0.003,0.001,1.063
0.165,0.028,-1.006,0.002,0.003,0.001,0.819
0.163,0.030,-1.010,0.002,0.003,0.001,0.960
0.165,0.030,-1.011,0.002,0.003,0.001,1.073
0.167,0.028,-1.013,0.002,0.003,0.001,0.969
0.163,0.030,-1.013,0.002,0.003,0.001,1.055
0.167,0.028,-1.013,0.002,0.003,0.001,0.992
0.166,0.030,-1.021,0.002,0.004,0.001,1.295
0.168,0.027,-1.016,0.002,0.003,0.001,1.027
0.163,0.027,-1.015,0.002,0.003,0.001,1.191
0.166,0.030,-1.015,0.002,0.003,0.001,1.067
0.165,0.030,-1.017,0.002,0.004,0.001,1.135
0.165,0.029,-1.018,0.002,0.003,0.001,1.375
0.165,0.030,-1.030,0.002,0.003,0.001,1.031
0.168,0.029,-1.029,0.002,0.003,0.001,1.013
0.166,0.028,-1.030,0.002,0.003,0.001,1.313
0.167,0.029,-1.026,0.002,0.003,0.001,1.160
0.165,0.028,-1.031,0.002,0.003,0.001,1.119
0.166,0.031,-1.034,0.002,0.003,0.001,1.420
0.166,0.030,-1.035,0.002,0.004,0.001,1.280
0.165,0.031,-1.028,0.002,0.003,0.001,1.173
0.166,0.029,-1.034,0.002,0.003,0.001,1.085
0.167,0.031,-1.043,0.002,0.003,0.001,1.017
0.166,0.028,-1.042,0.002,0.003,0.001,1.153
0.166,0.029,-1.053,0.002,0.003,0.001,0.995
0.165,0.028,-1.041,0.002,0.003,0.001,1.053
0.168,0.028,-1.043,0.002,0.003,0.001,0.744
0.167,0.030,-1.042,0.002,0.003,0.001,1.174
0.167,0.028,-1.046,0.002,0.003,0.001,1.000
0.168,0.029,-1.045,0.002,0.004,0.001,1.000
0.166,0.031,-1.063,0.002,0.003,0.001,1.009
0.166,0.027,-1.057,0.002,0.003,0.001,1.213
0.165,0.030,-1.060,0.002,0.004,0.001,0.965
0.168,0.030,-1.062,0.002,0.003,0.001,1.244
0.167,0.030,-1.055,0.002,0.003,0.001,0.908
0.169,0.032,-1.058,0.002,0.003,0.001,1.039
0.167,0.029,-1.064,0.002,0.003,0.001,0.838
0.168,0.029,-1.061,0.002,0.004,0.001,0.811
0.169,0.025,-1.067,0.002,0.003,0.001,0.589
0.167,0.031,-1.066,0.002,0.003,0.001,1.199
0.167,0.027,-1.065,0.002,0.003,0.001,0.760
0.168,0.029,-1.064,0.002,0.003,0.001,1.053
0.169,0.030,-1.069,0.002,0.003,0.001,0.873
0.166,0.032,-1.074,0.002,0.003,0.001,1.376
0.168,0.029,-1.078,0.002,0.003,0.001,1.157
0.170,0.029,-1.074,0.002,0.003,0.001,0.780
0.168,0.028,-1.082,0.002,0.003,0.001,0.708
0.167,0.031,-1.077,0.002,0.003,0.001,1.174
0.168,0.028,-1.078,0.002,0.003,0.001,0.930
0.168,0.029,-1.080,0.002,0.003,0.001,1.182
0.168,0.027,-1.083,0.002,0.003,0.001,0.746
0.165,0.030,-1.082,0.002,0.003,0.001,0.991
0.169,0.028,-1.090,0.002,0.003,0.001,1.021
0.168,0.029,-1.093,0.002,0.003,0.001,0.978
0.168,0.026,-1.087,0.002,0.003,0.001,0.738
0.170,0.027,-1.085,0.002,0.003,0.001,0.484
0.169,0.028,-1.095,0.002,0.003,0.001,1.270
0.169,0.029,-1.097,0.002,0.003,0.001,1.001
0.170,0.029,-1.096,0.002,0.003,0.001,0.970
0.167,0.030,-1.096,0.002,0.004,0.001,1.128
0.172,0.031,-1.096,0.002,0.004,0.001,1.186
0.169,0.032,-1.100,0.002,0.004,0.001,1.012
0.172,0.028,-1.099,0.002,0.003,0.001,1.019
0.171,0.028,-1.099,0.002,0.003,0.001,0.843
0.170,0.029,-1.096,0.002,0.003,0.001,0.921
0.172,0.028,-1.107,0.002,0.003,0.001,1.042
0.167,0.029,-1.116,0.002,0.003,0.001,0.946
0.169,0.031,-1.115,0.002,0.003,0.001,1.058
0.167,0.028,-1.111,0.002,0.003,0.001,0.858
0.171,0.025,-1.111,0.002,0.003,0.001,0.959
0.169,0.028,-1.106,0.002,0.003,0.001,0.934
0.170,0.027,-1.112,0.002,0.003,0.001,0.967
0.170,0.026,-1.117,0.002,0.003,0.001,0.722
0.171,0.028,-1.121,0.002,0.003,0.001,1.113
0.170,0.030,-1.113,0.002,0.004,0.001,1.133
0.171,0.030,-1.116,0.002,0.004,0.001,1.218
0.171,0.029,-1.114,0.002,0.004,0.001,0.776
